Fid,Protocol,Flag,Packet,Sender_ID,Receiver_ID,Source_IP_Address,Destination_IP_Address,Source_Port,Destination_Port,Packet_Size,Target_Variable,Label,Results
172.217.10.130-10.42.0.211-443-53123-6,TCP,SYN,HTTP,123456,987654,192.168.0.1,10.0.0.5,12345,80,1024,Cross Site Scripting,0,0
10.42.0.211-103.235.46.39-57314-80-6,UDP,ACK,DNS,987654,123456,10.0.0.2,192.168.0.1,53,12345,512,DoS,1,1
10.42.0.211-121.12.98.64-40893-80-6,TCP,SYN,SSH,789012,345678,192.168.1.10,10.0.0.8,22,12345,256,Password Attacks,2,2
172.217.3.110-10.42.0.151-443-49815-6,UDP,ACK,NTP,345678,789012,10.0.0.5,192.168.1.10,123,12345,128,Password Attacks,2,2
10.42.0.1-10.42.0.42-53-37177-17,TCP,RST,FTP,234567,456789,192.168.0.5,10.0.0.10,20,12345,2048,Cross Site Scripting,0,0
10.42.0.42-104.97.95.172-47382-80-6,UDP,ACK,SNMP,456789,234567,10.0.0.8,192.168.0.5,161,12345,768,DoS,1,1
172.217.6.227-10.42.0.151-443-43357-6,TCP,FIN,HTTPS,890123,567890,192.168.1.5,10.0.0.2,443,12345,4096,Cross Site Scripting,0,0
172.217.9.238-10.42.0.151-443-42588-6,UDP,ACK,DHCP,567890,890123,10.0.0.10,192.168.1.5,67,12345,256,DoS,1,1
10.42.0.42-54.192.38.154-59384-443-6,TCP,SYN,SMTP,901234,678901,192.168.0.2,10.0.0.15,25,12345,512,DoS,1,1
10.42.0.151-10.42.0.1-9225-53-17,UDP,ACK,SNMP,678901,901234,10.0.0.15,192.168.0.2,161,12345,256,Cross Site Scripting,0,0
172.217.10.234-10.42.0.151-443-40745-6,TCP,SYN,FTP,345678,789012,10.0.0.2,192.168.1.10,21,12345,512,DoS,1,1
172.217.10.74-10.42.0.42-443-55083-6,UDP,ACK,DNS,789012,345678,192.168.1.10,10.0.0.2,12345,53,256,Password Attacks,2,2
180.163.15.184-10.42.0.211-80-51354-6,TCP,SYN,SSH,123456,987654,10.0.0.5,192.168.0.1,12345,22,1024,Password Attacks,2,2
10.42.0.211-10.42.0.1-8706-53-17,UDP,ACK,NTP,987654,123456,192.168.0.1,10.0.0.5,12345,123,512,Cross Site Scripting,0,0
172.217.12.129-10.42.0.211-443-34253-6,TCP,RST,FTP,345678,789012,10.0.0.2,192.168.1.10,12345,20,2048,DoS,1,1
172.217.6.234-10.42.0.211-443-44970-6,UDP,ACK,SNMP,789012,345678,192.168.1.10,10.0.0.2,161,12345,768,Cross Site Scripting,0,0
172.217.7.132-10.42.0.211-443-34877-6,TCP,FIN,HTTPS,123456,987654,10.0.0.5,192.168.0.1,443,12345,4096,DoS,1,1
10.42.0.42-62.138.0.117-59502-80-6,UDP,ACK,DHCP,987654,123456,192.168.0.1,10.0.0.5,67,12345,256,DoS,1,1
10.42.0.211-23.21.95.195-40799-443-6,TCP,SYN,SMTP,789012,345678,10.0.0.2,192.168.1.10,25,12345,512,Cross Site Scripting,0,0
10.42.0.211-10.42.0.1-13561-53-17,UDP,ACK,SNMP,345678,789012,10.0.0.2,192.168.1.10,161,12345,256,DoS,1,1
172.217.12.206-10.42.0.42-443-37626-6,TCP,SYN,FTP,567890,890123,192.168.1.5,10.0.0.10,21,12345,512,Password Attacks,2,2
172.217.12.195-10.42.0.211-443-44833-6,UDP,ACK,DNS,901234,678901,10.0.0.15,192.168.0.2,12345,53,256,Password Attacks,2,2
10.42.0.42-104.192.110.245-45764-80-6,TCP,SYN,SSH,234567,456789,192.168.0.5,10.0.0.10,22,12345,256,Cross Site Scripting,0,0
10.42.0.151-52.216.64.219-34907-443-6,UDP,ACK,NTP,456789,234567,10.0.0.8,192.168.0.5,123,12345,128,DoS,1,1
10.42.0.211-31.13.71.1-42393-443-6,TCP,RST,FTP,678901,901234,192.168.1.10,10.0.0.15,20,12345,2048,Cross Site Scripting,0,0
10.42.0.151-74.125.22.138-43684-443-6,UDP,ACK,SNMP,901234,678901,10.0.0.15,192.168.1.10,161,12345,768,DoS,1,1
175.100.207.232-10.42.0.211-80-54253-6,TCP,FIN,HTTPS,567890,890123,192.168.0.2,10.0.0.8,443,12345,4096,DoS,1,1
10.42.0.151-10.42.0.1-53365-53-17,UDP,ACK,DHCP,890123,567890,10.0.0.10,192.168.1.5,67,12345,256,Cross Site Scripting,0,0
163.177.93.222-10.42.0.151-80-40365-6,TCP,SYN,SMTP,234567,456789,192.168.0.5,10.0.0.10,25,12345,512,DoS,1,1
10.42.0.211-103.7.30.118-33470-80-6,UDP,ACK,SNMP,456789,234567,10.0.0.8,192.168.0.5,161,12345,256,Password Attacks,2,2
216.58.219.202-10.42.0.151-443-52857-6,TCP,SYN,FTP,789012,345678,10.0.0.2,192.168.1.10,21,12345,512,Cross Site Scripting,0,0
203.205.158.56-10.42.0.42-80-52914-6,UDP,ACK,DNS,345678,789012,192.168.1.10,10.0.0.2,12345,53,256,DoS,1,1
172.217.11.46-10.42.0.211-443-52326-6,TCP,SYN,SSH,123456,987654,10.0.0.5,192.168.0.1,12345,22,1024,Cross Site Scripting,0,0
10.42.0.211-52.7.141.209-40045-443-6,UDP,ACK,NTP,987654,123456,192.168.0.1,10.0.0.5,12345,123,512,DoS,1,1
216.58.219.195-10.42.0.151-443-40047-6,TCP,RST,FTP,345678,789012,10.0.0.2,192.168.1.10,12345,20,2048,DoS,1,1
10.42.0.42-61.135.185.139-58133-80-6,UDP,ACK,SNMP,789012,345678,192.168.1.10,10.0.0.2,161,12345,768,Cross Site Scripting,0,0
10.42.0.211-64.71.142.96-49122-80-6,TCP,FIN,HTTPS,123456,987654,10.0.0.5,192.168.0.1,443,12345,4096,DoS,1,1
157.56.52.23-10.42.0.42-40033-37401-6,UDP,ACK,DHCP,987654,123456,192.168.0.1,10.0.0.5,67,12345,256,Password Attacks,2,2
10.42.0.211-72.21.206.121-32786-443-6,TCP,SYN,SMTP,789012,345678,10.0.0.2,192.168.1.10,25,12345,512,Cross Site Scripting,0,0
239.255.255.250-10.42.0.151-1900-52089-17,UDP,ACK,SNMP,345678,789012,10.0.0.2,192.168.1.10,161,12345,256,DoS,1,1
10.42.0.151-63.250.200.101-43729-443-6,TCP,SYN,FTP,567890,890123,192.168.1.5,10.0.0.10,21,12345,512,Cross Site Scripting,0,0
172.217.3.106-10.42.0.151-443-44798-6,UDP,ACK,DNS,901234,678901,10.0.0.15,192.168.0.2,12345,53,256,DoS,1,1
10.42.0.151-64.71.142.110-48335-443-6,TCP,SYN,SSH,234567,456789,192.168.0.5,10.0.0.10,22,12345,256,DoS,1,1
203.205.158.63-10.42.0.151-80-51961-6,UDP,ACK,NTP,456789,234567,10.0.0.8,192.168.0.5,123,12345,128,Cross Site Scripting,0,0
202.77.129.54-10.42.0.211-80-51344-6,TCP,RST,FTP,678901,901234,192.168.1.10,10.0.0.15,20,12345,2048,DoS,1,1
10.42.0.211-123.125.29.220-34655-80-6,UDP,ACK,SNMP,901234,678901,10.0.0.15,192.168.1.10,161,12345,768,Password Attacks,2,2
10.42.0.211-69.147.82.61-41644-443-6,TCP,FIN,HTTPS,567890,890123,192.168.0.2,10.0.0.8,443,12345,4096,Cross Site Scripting,0,0
192.229.173.173-10.42.0.211-80-51974-6,UDP,ACK,DHCP,890123,567890,10.0.0.10,192.168.1.5,67,12345,256,DoS,1,1
172.217.12.206-10.42.0.151-443-36731-6,TCP,SYN,SMTP,234567,456789,192.168.0.5,10.0.0.10,25,12345,512,Cross Site Scripting,0,0
10.42.0.211-119.146.74.34-49509-80-6,UDP,ACK,SNMP,456789,234567,10.0.0.8,192.168.0.5,161,12345,256,DoS,1,1
172.217.12.206-10.42.0.151-443-52060-17,TCP,SYN,FTP,789012,345678,10.0.0.2,192.168.1.10,21,12345,512,DoS,1,1
198.11.136.24-10.42.0.151-443-52088-6,UDP,ACK,DNS,345678,789012,192.168.1.10,10.0.0.2,12345,53,256,Cross Site Scripting,0,0
219.142.78.217-10.42.0.211-80-51974-6,TCP,SYN,SSH,123456,987654,10.0.0.5,192.168.0.1,12345,22,1024,DoS,1,1
172.217.12.176-10.42.0.42-443-39196-6,UDP,ACK,NTP,987654,123456,192.168.0.1,10.0.0.5,12345,123,512,Password Attacks,2,2
10.42.0.151-87.240.165.91-57260-443-6,TCP,RST,FTP,345678,789012,10.0.0.2,192.168.1.10,12345,20,2048,Cross Site Scripting,0,0
172.217.12.174-10.42.0.42-443-35037-17,UDP,ACK,SNMP,789012,345678,192.168.1.10,10.0.0.2,161,12345,768,DoS,1,1
173.194.204.138-10.42.0.151-443-32941-6,TCP,FIN,HTTPS,123456,987654,10.0.0.5,192.168.0.1,443,12345,4096,Cross Site Scripting,0,0
172.217.12.205-10.42.0.151-443-52929-17,UDP,ACK,DHCP,987654,123456,192.168.0.1,10.0.0.5,67,12345,256,DoS,1,1
239.255.255.250-10.42.0.42-1900-57773-17,TCP,SYN,SMTP,789012,345678,10.0.0.2,192.168.1.10,25,12345,512,DoS,1,1
10.42.0.1-10.42.0.42-53-65089-17,UDP,ACK,SNMP,345678,789012,10.0.0.2,192.168.1.10,161,12345,256,Cross Site Scripting,0,0
10.42.0.211-10.42.0.1-16906-53-17,TCP,SYN,FTP,567890,890123,192.168.1.5,10.0.0.10,21,12345,512,DoS,1,1
172.217.6.225-10.42.0.151-443-54005-6,UDP,ACK,DNS,901234,678901,10.0.0.15,192.168.0.2,12345,53,256,Password Attacks,2,2
10.42.0.151-31.13.71.1-50134-443-6,TCP,SYN,SSH,234567,456789,192.168.0.5,10.0.0.10,22,12345,256,Cross Site Scripting,0,0
10.42.0.211-104.192.110.245-48398-80-6,UDP,ACK,NTP,456789,234567,10.0.0.8,192.168.0.5,123,12345,128,DoS,1,1
10.42.0.42-103.235.46.212-52972-443-6,TCP,RST,FTP,678901,901234,192.168.1.10,10.0.0.15,20,12345,2048,Cross Site Scripting,0,0
172.217.12.206-10.42.0.151-443-42147-6,UDP,ACK,SNMP,901234,678901,10.0.0.15,192.168.1.10,161,12345,768,DoS,1,1
172.217.12.206-10.42.0.151-443-41418-6,TCP,FIN,HTTPS,567890,890123,192.168.0.2,10.0.0.8,443,12345,4096,DoS,1,1
203.205.158.52-10.42.0.211-80-59974-6,UDP,ACK,DHCP,890123,567890,10.0.0.10,192.168.1.5,67,12345,256,Cross Site Scripting,0,0
10.42.0.151-23.199.25.36-49007-80-6,TCP,SYN,SMTP,234567,456789,192.168.0.5,10.0.0.10,25,12345,512,DoS,1,1
10.42.0.211-23.21.95.195-38423-443-6,UDP,ACK,SNMP,456789,234567,10.0.0.8,192.168.0.5,161,12345,256,Password Attacks,2,2
192.229.163.180-10.42.0.211-443-50430-6,TCP,SYN,FTP,789012,345678,10.0.0.2,192.168.1.10,21,12345,512,Cross Site Scripting,0,0
10.42.0.211-10.42.0.1-51052-53-17,UDP,ACK,DNS,345678,789012,192.168.1.10,10.0.0.2,12345,53,256,DoS,1,1
10.42.0.151-10.42.0.1-46149-53-17,TCP,SYN,SSH,123456,987654,10.0.0.5,192.168.0.1,12345,22,1024,Cross Site Scripting,0,0
10.42.0.1-10.42.0.42-53-52142-17,UDP,ACK,NTP,987654,123456,192.168.0.1,10.0.0.5,12345,123,512,DoS,1,1
10.42.0.151-76.13.28.196-33132-443-6,TCP,RST,FTP,345678,789012,10.0.0.2,192.168.1.10,12345,20,2048,DoS,1,1
216.58.219.234-10.42.0.211-443-37837-6,UDP,ACK,SNMP,789012,345678,192.168.1.10,10.0.0.2,161,12345,768,Cross Site Scripting,0,0
131.253.61.80-10.42.0.151-443-53127-6,TCP,FIN,HTTPS,123456,987654,10.0.0.5,192.168.0.1,443,12345,4096,DoS,1,1
172.217.11.36-10.42.0.151-443-35963-6,UDP,ACK,DHCP,987654,123456,192.168.0.1,10.0.0.5,67,12345,256,Password Attacks,2,2
10.42.0.211-52.71.229.141-53273-443-6,TCP,SYN,SMTP,789012,345678,10.0.0.2,192.168.1.10,25,12345,512,Cross Site Scripting,0,0
10.42.0.151-31.13.71.3-41507-443-6,UDP,ACK,SNMP,345678,789012,10.0.0.2,192.168.1.10,161,12345,256,DoS,1,1
172.217.10.138-10.42.0.42-443-33157-6,TCP,SYN,FTP,567890,890123,192.168.1.5,10.0.0.10,21,12345,512,Cross Site Scripting,0,0
172.217.3.110-10.42.0.151-443-55109-6,UDP,ACK,DNS,901234,678901,10.0.0.15,192.168.0.2,12345,53,256,DoS,1,1
172.217.10.142-10.42.0.42-443-32936-6,TCP,SYN,SSH,234567,456789,192.168.0.5,10.0.0.10,22,12345,256,DoS,1,1
10.42.0.151-10.42.0.1-55618-53-17,UDP,ACK,NTP,456789,234567,10.0.0.8,192.168.0.5,123,12345,128,Cross Site Scripting,0,0
10.42.0.151-104.244.43.99-41238-443-6,TCP,RST,FTP,678901,901234,192.168.1.10,10.0.0.15,20,12345,2048,DoS,1,1
10.42.0.42-85.93.5.83-37866-80-6,UDP,ACK,SNMP,901234,678901,10.0.0.15,192.168.1.10,161,12345,768,Password Attacks,2,2
10.42.0.211-35.186.239.179-55073-80-6,TCP,FIN,HTTPS,567890,890123,192.168.0.2,10.0.0.8,443,12345,4096,Cross Site Scripting,0,0
172.217.10.142-10.42.0.42-443-47095-6,UDP,ACK,DHCP,890123,567890,10.0.0.10,192.168.1.5,67,12345,256,DoS,1,1
10.42.0.151-31.13.80.5-50317-443-6,TCP,SYN,SMTP,234567,456789,192.168.0.5,10.0.0.10,25,12345,512,Cross Site Scripting,0,0
10.42.0.211-61.135.185.139-54827-80-6,UDP,ACK,SNMP,456789,234567,10.0.0.8,192.168.0.5,161,12345,256,DoS,1,1
10.42.0.42-85.93.5.109-45394-80-6,TCP,SYN,FTP,789012,345678,10.0.0.2,192.168.1.10,21,12345,512,DoS,1,1
10.42.0.42-47.93.76.169-47227-80-6,UDP,ACK,DNS,345678,789012,192.168.1.10,10.0.0.2,12345,53,256,Cross Site Scripting,0,0
10.42.0.211-10.42.0.1-46056-53-17,TCP,SYN,SSH,123456,987654,10.0.0.5,192.168.0.1,12345,22,1024,DoS,1,1
10.42.0.211-125.39.133.40-57604-80-6,UDP,ACK,NTP,987654,123456,192.168.0.1,10.0.0.5,12345,123,512,Password Attacks,2,2
169.45.248.113-10.42.0.211-5222-38905-6,TCP,RST,FTP,345678,789012,10.0.0.2,192.168.1.10,12345,20,2048,Cross Site Scripting,0,0
10.42.0.151-106.11.92.6-53730-443-6,UDP,ACK,SNMP,789012,345678,192.168.1.10,10.0.0.2,161,12345,768,DoS,1,1
10.42.0.211-64.71.142.96-53661-443-6,TCP,FIN,HTTPS,123456,987654,10.0.0.5,192.168.0.1,443,12345,4096,Cross Site Scripting,0,0
10.42.0.211-106.39.169.66-54158-443-6,UDP,ACK,DHCP,987654,123456,192.168.0.1,10.0.0.5,67,12345,256,DoS,1,1
172.217.11.46-10.42.0.151-443-53761-6,TCP,SYN,SMTP,789012,345678,10.0.0.2,192.168.1.10,25,12345,512,DoS,1,1
10.42.0.42-31.13.71.36-59610-443-6,UDP,ACK,SNMP,345678,789012,10.0.0.2,192.168.1.10,161,12345,256,Cross Site Scripting,0,0
10.42.0.1-10.42.0.42-53-64946-17,TCP,SYN,FTP,567890,890123,192.168.1.5,10.0.0.10,21,12345,512,DoS,1,1
10.42.0.151-10.42.0.1-21335-53-17,UDP,ACK,DNS,901234,678901,10.0.0.15,192.168.0.2,12345,53,256,Password Attacks,2,2
10.42.0.1-10.42.0.42-53-42690-17,TCP,SYN,SSH,234567,456789,192.168.0.5,10.0.0.10,22,12345,256,Cross Site Scripting,0,0
172.217.10.110-10.42.0.151-443-34211-6,UDP,ACK,NTP,456789,234567,10.0.0.8,192.168.0.5,123,12345,128,DoS,1,1
10.42.0.151-103.43.91.20-38611-443-6,TCP,RST,FTP,678901,901234,192.168.1.10,10.0.0.15,20,12345,2048,Cross Site Scripting,0,0
220.243.219.55-10.42.0.211-80-46314-6,UDP,ACK,SNMP,901234,678901,10.0.0.15,192.168.1.10,161,12345,768,DoS,1,1
192.229.173.173-10.42.0.211-80-55571-6,TCP,FIN,HTTPS,567890,890123,192.168.0.2,10.0.0.8,443,12345,4096,DoS,1,1
10.42.0.211-10.42.0.1-23905-53-17,UDP,ACK,DHCP,890123,567890,10.0.0.10,192.168.1.5,67,12345,256,Cross Site Scripting,0,0
10.42.0.211-10.42.0.1-49917-53-17,TCP,SYN,SMTP,234567,456789,192.168.0.5,10.0.0.10,25,12345,512,DoS,1,1
10.42.0.151-10.42.0.1-5009-53-17,UDP,ACK,SNMP,456789,234567,10.0.0.8,192.168.0.5,161,12345,256,Password Attacks,2,2
8.0.6.4-8.6.0.1-0-0-0,TCP,SYN,FTP,789012,345678,10.0.0.2,192.168.1.10,21,12345,512,Cross Site Scripting,0,0
182.22.120.252-10.42.0.151-443-43857-6,UDP,ACK,DNS,345678,789012,192.168.1.10,10.0.0.2,12345,53,256,DoS,1,1
10.42.0.1-10.42.0.42-53-50538-17,TCP,SYN,SSH,123456,987654,10.0.0.5,192.168.0.1,12345,22,1024,Cross Site Scripting,0,0
10.42.0.211-104.193.88.109-54964-80-6,UDP,ACK,NTP,987654,123456,192.168.0.1,10.0.0.5,12345,123,512,DoS,1,1
172.217.8.3-10.42.0.151-443-59173-6,TCP,RST,FTP,345678,789012,10.0.0.2,192.168.1.10,12345,20,2048,DoS,1,1
10.42.0.211-10.42.0.1-64661-53-17,UDP,ACK,SNMP,789012,345678,192.168.1.10,10.0.0.2,161,12345,768,Cross Site Scripting,0,0
172.217.6.238-10.42.0.151-443-51534-6,TCP,FIN,HTTPS,123456,987654,10.0.0.5,192.168.0.1,443,12345,4096,DoS,1,1
172.217.6.228-10.42.0.211-443-44828-6,UDP,ACK,DHCP,987654,123456,192.168.0.1,10.0.0.5,67,12345,256,Password Attacks,2,2
174.35.73.93-10.42.0.151-80-43794-6,TCP,SYN,SMTP,789012,345678,10.0.0.2,192.168.1.10,25,12345,512,Cross Site Scripting,0,0
10.42.0.211-121.12.98.85-55354-80-6,UDP,ACK,SNMP,345678,789012,10.0.0.2,192.168.1.10,161,12345,256,DoS,1,1
10.42.0.151-10.42.0.1-23645-53-17,TCP,SYN,FTP,567890,890123,192.168.1.5,10.0.0.10,21,12345,512,Cross Site Scripting,0,0
172.217.6.234-10.42.0.151-443-56275-6,UDP,ACK,DNS,901234,678901,10.0.0.15,192.168.0.2,12345,53,256,DoS,1,1
10.42.0.211-59.38.112.48-34266-443-6,TCP,SYN,SSH,234567,456789,192.168.0.5,10.0.0.10,22,12345,256,DoS,1,1
172.217.10.99-10.42.0.42-443-50426-17,UDP,ACK,NTP,456789,234567,10.0.0.8,192.168.0.5,123,12345,128,Cross Site Scripting,0,0
10.42.0.211-106.11.176.1-52834-443-6,TCP,RST,FTP,678901,901234,192.168.1.10,10.0.0.15,20,12345,2048,DoS,1,1
10.42.0.211-123.125.29.138-38005-443-6,TCP,SYN,HTTP,123456,987654,192.168.0.1,10.0.0.5,12345,80,1024,Cross Site Scripting,0,0
10.42.0.211-106.39.162.36-46998-80-6,UDP,ACK,DNS,987654,123456,10.0.0.2,192.168.0.1,53,12345,512,DoS,1,1
10.42.0.211-10.42.0.1-13377-53-17,TCP,SYN,SSH,789012,345678,192.168.1.10,10.0.0.8,22,12345,256,Password Attacks,2,2
203.205.158.53-10.42.0.42-80-50113-6,UDP,ACK,NTP,345678,789012,10.0.0.5,192.168.1.10,123,12345,128,Password Attacks,2,2
10.42.0.211-103.235.46.39-47985-80-6,TCP,RST,FTP,234567,456789,192.168.0.5,10.0.0.10,20,12345,2048,Cross Site Scripting,0,0
172.217.6.234-10.42.0.151-443-53347-6,UDP,ACK,SNMP,456789,234567,10.0.0.8,192.168.0.5,161,12345,768,DoS,1,1
10.42.0.211-66.198.178.88-47746-443-6,TCP,FIN,HTTPS,890123,567890,192.168.1.5,10.0.0.2,443,12345,4096,Cross Site Scripting,0,0
10.42.0.211-121.12.98.64-58427-80-6,UDP,ACK,DHCP,567890,890123,10.0.0.10,192.168.1.5,67,12345,256,DoS,1,1
10.42.0.211-104.192.110.245-53752-443-6,TCP,SYN,SMTP,901234,678901,192.168.0.2,10.0.0.15,25,12345,512,DoS,1,1
10.42.0.211-23.206.166.66-46195-80-6,UDP,ACK,SNMP,678901,901234,10.0.0.15,192.168.0.2,161,12345,256,Cross Site Scripting,0,0
10.42.0.211-10.42.0.1-57695-53-17,TCP,SYN,FTP,345678,789012,10.0.0.2,192.168.1.10,21,12345,512,DoS,1,1
10.42.0.151-10.42.0.1-29955-53-17,UDP,ACK,DNS,789012,345678,192.168.1.10,10.0.0.2,12345,53,256,Password Attacks,2,2
10.42.0.42-119.146.74.49-58610-443-6,TCP,SYN,SSH,123456,987654,10.0.0.5,192.168.0.1,12345,22,1024,Password Attacks,2,2
10.42.0.211-10.42.0.1-44671-53-17,UDP,ACK,NTP,987654,123456,192.168.0.1,10.0.0.5,12345,123,512,Cross Site Scripting,0,0
10.42.0.211-10.42.0.1-4826-53-17,TCP,RST,FTP,345678,789012,10.0.0.2,192.168.1.10,12345,20,2048,DoS,1,1
8.0.6.4-8.6.0.1-0-0-0,UDP,ACK,SNMP,789012,345678,192.168.1.10,10.0.0.2,161,12345,768,Cross Site Scripting,0,0
172.217.9.234-10.42.0.151-443-43019-6,TCP,FIN,HTTPS,123456,987654,10.0.0.5,192.168.0.1,443,12345,4096,DoS,1,1
180.149.136.194-10.42.0.151-80-56097-6,UDP,ACK,DHCP,987654,123456,192.168.0.1,10.0.0.5,67,12345,256,DoS,1,1
8.0.6.4-8.6.0.1-0-0-0,TCP,SYN,SMTP,789012,345678,10.0.0.2,192.168.1.10,25,12345,512,Cross Site Scripting,0,0
172.217.10.131-10.42.0.211-443-45714-6,UDP,ACK,SNMP,345678,789012,10.0.0.2,192.168.1.10,161,12345,256,DoS,1,1
10.42.0.211-52.84.134.157-46422-443-6,TCP,SYN,FTP,567890,890123,192.168.1.5,10.0.0.10,21,12345,512,Password Attacks,2,2
10.42.0.42-58.220.11.230-45786-80-6,UDP,ACK,DNS,901234,678901,10.0.0.15,192.168.0.2,12345,53,256,Password Attacks,2,2
202.77.129.150-10.42.0.211-80-49814-6,TCP,SYN,SSH,234567,456789,192.168.0.5,10.0.0.10,22,12345,256,Cross Site Scripting,0,0
10.42.0.211-10.42.0.1-29863-53-17,UDP,ACK,NTP,456789,234567,10.0.0.8,192.168.0.5,123,12345,128,DoS,1,1
203.205.151.47-10.42.0.211-80-54967-6,TCP,RST,FTP,678901,901234,192.168.1.10,10.0.0.15,20,12345,2048,Cross Site Scripting,0,0
10.42.0.151-23.194.140.128-55904-443-6,UDP,ACK,SNMP,901234,678901,10.0.0.15,192.168.1.10,161,12345,768,DoS,1,1
10.42.0.42-54.192.38.65-33427-443-6,TCP,FIN,HTTPS,567890,890123,192.168.0.2,10.0.0.8,443,12345,4096,DoS,1,1
10.42.0.211-54.192.38.236-54569-443-6,UDP,ACK,DHCP,890123,567890,10.0.0.10,192.168.1.5,67,12345,256,Cross Site Scripting,0,0
180.149.136.194-10.42.0.211-443-41883-6,TCP,SYN,SMTP,234567,456789,192.168.0.5,10.0.0.10,25,12345,512,DoS,1,1
10.42.0.211-10.42.0.1-61867-53-17,UDP,ACK,SNMP,456789,234567,10.0.0.8,192.168.0.5,161,12345,256,Password Attacks,2,2
10.42.0.211-123.125.29.220-55364-80-6,TCP,SYN,FTP,789012,345678,10.0.0.2,192.168.1.10,21,12345,512,Cross Site Scripting,0,0
203.205.158.62-10.42.0.151-80-33455-6,UDP,ACK,DNS,345678,789012,192.168.1.10,10.0.0.2,12345,53,256,DoS,1,1
10.42.0.151-103.7.30.118-43291-80-6,TCP,SYN,SSH,123456,987654,10.0.0.5,192.168.0.1,12345,22,1024,Cross Site Scripting,0,0
10.42.0.211-10.42.0.1-13911-53-17,UDP,ACK,NTP,987654,123456,192.168.0.1,10.0.0.5,12345,123,512,DoS,1,1
206.126.112.142-10.42.0.151-443-50800-6,TCP,RST,FTP,345678,789012,10.0.0.2,192.168.1.10,12345,20,2048,DoS,1,1
172.217.10.110-10.42.0.151-443-46133-6,UDP,ACK,SNMP,789012,345678,192.168.1.10,10.0.0.2,161,12345,768,Cross Site Scripting,0,0
180.149.136.194-10.42.0.211-443-55746-6,TCP,FIN,HTTPS,123456,987654,10.0.0.5,192.168.0.1,443,12345,4096,DoS,1,1
10.42.0.151-112.90.74.178-48644-80-6,UDP,ACK,DHCP,987654,123456,192.168.0.1,10.0.0.5,67,12345,256,Password Attacks,2,2
10.42.0.1-10.42.0.42-53-3416-17,TCP,SYN,SMTP,789012,345678,10.0.0.2,192.168.1.10,25,12345,512,Cross Site Scripting,0,0
10.42.0.211-66.231.239.95-46096-443-6,UDP,ACK,SNMP,345678,789012,10.0.0.2,192.168.1.10,161,12345,256,DoS,1,1
10.42.0.211-50.18.174.184-46724-443-6,TCP,SYN,FTP,567890,890123,192.168.1.5,10.0.0.10,21,12345,512,Cross Site Scripting,0,0
131.253.61.80-10.42.0.151-443-43797-6,UDP,ACK,DNS,901234,678901,10.0.0.15,192.168.0.2,12345,53,256,DoS,1,1
216.58.219.227-10.42.0.151-443-35301-6,TCP,SYN,SSH,234567,456789,192.168.0.5,10.0.0.10,22,12345,256,DoS,1,1
172.217.3.106-10.42.0.42-443-33565-6,UDP,ACK,NTP,456789,234567,10.0.0.8,192.168.0.5,123,12345,128,Cross Site Scripting,0,0
10.42.0.211-104.192.110.245-38560-443-6,TCP,RST,FTP,678901,901234,192.168.1.10,10.0.0.15,20,12345,2048,DoS,1,1
10.42.0.211-104.24.19.3-47571-80-6,UDP,ACK,SNMP,901234,678901,10.0.0.15,192.168.1.10,161,12345,768,Password Attacks,2,2
202.77.129.54-10.42.0.211-80-56692-6,TCP,FIN,HTTPS,567890,890123,192.168.0.2,10.0.0.8,443,12345,4096,Cross Site Scripting,0,0
10.42.0.151-112.80.248.187-40293-80-6,UDP,ACK,DHCP,890123,567890,10.0.0.10,192.168.1.5,67,12345,256,DoS,1,1
172.217.10.14-10.42.0.211-443-59086-6,TCP,SYN,SMTP,234567,456789,192.168.0.5,10.0.0.10,25,12345,512,Cross Site Scripting,0,0
172.217.9.234-10.42.0.151-443-40294-6,UDP,ACK,SNMP,456789,234567,10.0.0.8,192.168.0.5,161,12345,256,DoS,1,1
172.217.3.110-10.42.0.42-80-44670-6,TCP,SYN,FTP,789012,345678,10.0.0.2,192.168.1.10,21,12345,512,DoS,1,1
140.205.230.8-10.42.0.211-80-40920-6,UDP,ACK,DNS,345678,789012,192.168.1.10,10.0.0.2,12345,53,256,Cross Site Scripting,0,0
180.76.148.65-10.42.0.42-80-50866-6,TCP,SYN,SSH,123456,987654,10.0.0.5,192.168.0.1,12345,22,1024,DoS,1,1
220.243.219.55-10.42.0.211-80-45528-6,UDP,ACK,NTP,987654,123456,192.168.0.1,10.0.0.5,12345,123,512,Password Attacks,2,2
10.42.0.151-72.21.206.53-39059-443-6,TCP,RST,FTP,345678,789012,10.0.0.2,192.168.1.10,12345,20,2048,Cross Site Scripting,0,0
151.101.21.140-10.42.0.211-443-56694-6,UDP,ACK,SNMP,789012,345678,192.168.1.10,10.0.0.2,161,12345,768,DoS,1,1
182.22.65.140-10.42.0.151-443-37281-6,TCP,FIN,HTTPS,123456,987654,10.0.0.5,192.168.0.1,443,12345,4096,Cross Site Scripting,0,0
10.42.0.42-52.216.80.202-51059-80-6,UDP,ACK,DHCP,987654,123456,192.168.0.1,10.0.0.5,67,12345,256,DoS,1,1
10.42.0.42-104.244.43.163-59104-443-6,TCP,SYN,SMTP,789012,345678,10.0.0.2,192.168.1.10,25,12345,512,DoS,1,1
10.42.0.211-23.206.166.62-39757-80-6,UDP,ACK,SNMP,345678,789012,10.0.0.2,192.168.1.10,161,12345,256,Cross Site Scripting,0,0
180.163.255.159-10.42.0.211-443-52177-6,TCP,SYN,FTP,567890,890123,192.168.1.5,10.0.0.10,21,12345,512,DoS,1,1
10.42.0.151-121.12.98.78-58833-80-6,UDP,ACK,DNS,901234,678901,10.0.0.15,192.168.0.2,12345,53,256,Password Attacks,2,2
172.217.12.195-10.42.0.151-443-55355-6,TCP,SYN,SSH,234567,456789,192.168.0.5,10.0.0.10,22,12345,256,Cross Site Scripting,0,0
10.42.0.211-64.71.142.124-33652-443-6,UDP,ACK,NTP,456789,234567,10.0.0.8,192.168.0.5,123,12345,128,DoS,1,1
172.217.10.238-10.42.0.151-443-53490-6,TCP,RST,FTP,678901,901234,192.168.1.10,10.0.0.15,20,12345,2048,Cross Site Scripting,0,0
203.205.151.47-10.42.0.211-80-35686-6,UDP,ACK,SNMP,901234,678901,10.0.0.15,192.168.1.10,161,12345,768,DoS,1,1
180.76.152.13-10.42.0.42-80-52888-6,TCP,FIN,HTTPS,567890,890123,192.168.0.2,10.0.0.8,443,12345,4096,DoS,1,1
10.42.0.42-36.110.213.49-33273-443-6,UDP,ACK,DHCP,890123,567890,10.0.0.10,192.168.1.5,67,12345,256,Cross Site Scripting,0,0
10.42.0.211-72.21.207.79-41987-443-6,TCP,SYN,SMTP,234567,456789,192.168.0.5,10.0.0.10,25,12345,512,DoS,1,1
10.42.0.42-95.213.11.133-43656-443-6,UDP,ACK,SNMP,456789,234567,10.0.0.8,192.168.0.5,161,12345,256,Password Attacks,2,2
10.42.0.151-10.42.0.1-60591-53-17,TCP,SYN,FTP,789012,345678,10.0.0.2,192.168.1.10,21,12345,512,Cross Site Scripting,0,0
10.42.0.211-115.239.210.141-57525-80-6,UDP,ACK,DNS,345678,789012,192.168.1.10,10.0.0.2,12345,53,256,DoS,1,1
157.240.2.35-10.42.0.151-80-36363-6,TCP,SYN,SSH,123456,987654,10.0.0.5,192.168.0.1,12345,22,1024,Cross Site Scripting,0,0
203.205.147.229-10.42.0.211-80-41964-6,UDP,ACK,NTP,987654,123456,192.168.0.1,10.0.0.5,12345,123,512,DoS,1,1
172.217.12.144-10.42.0.42-443-33133-6,TCP,RST,FTP,345678,789012,10.0.0.2,192.168.1.10,12345,20,2048,DoS,1,1
10.42.0.211-10.42.0.1-5351-52280-17,UDP,ACK,SNMP,789012,345678,192.168.1.10,10.0.0.2,161,12345,768,Cross Site Scripting,0,0
182.254.5.234-10.42.0.151-80-52636-6,TCP,FIN,HTTPS,123456,987654,10.0.0.5,192.168.0.1,443,12345,4096,DoS,1,1
10.42.0.151-66.231.239.122-42287-80-6,UDP,ACK,DHCP,987654,123456,192.168.0.1,10.0.0.5,67,12345,256,Password Attacks,2,2
10.42.0.211-10.42.0.1-22351-53-17,TCP,SYN,SMTP,789012,345678,10.0.0.2,192.168.1.10,25,12345,512,Cross Site Scripting,0,0
180.149.136.194-10.42.0.151-443-33445-6,UDP,ACK,SNMP,345678,789012,10.0.0.2,192.168.1.10,161,12345,256,DoS,1,1
172.217.11.10-10.42.0.151-443-53354-6,TCP,SYN,FTP,567890,890123,192.168.1.5,10.0.0.10,21,12345,512,Cross Site Scripting,0,0
157.240.2.15-10.42.0.151-443-35723-6,UDP,ACK,DNS,901234,678901,10.0.0.15,192.168.0.2,12345,53,256,DoS,1,1
10.42.0.211-77.234.44.201-50090-80-6,TCP,SYN,SSH,234567,456789,192.168.0.5,10.0.0.10,22,12345,256,DoS,1,1
172.217.12.202-10.42.0.151-443-50410-6,UDP,ACK,NTP,456789,234567,10.0.0.8,192.168.0.5,123,12345,128,Cross Site Scripting,0,0
172.217.12.206-10.42.0.151-443-39128-6,TCP,RST,FTP,678901,901234,192.168.1.10,10.0.0.15,20,12345,2048,DoS,1,1
10.42.0.211-10.42.0.1-34144-53-17,UDP,ACK,SNMP,901234,678901,10.0.0.15,192.168.1.10,161,12345,768,Password Attacks,2,2
10.42.0.211-103.7.30.118-50910-80-6,TCP,FIN,HTTPS,567890,890123,192.168.0.2,10.0.0.8,443,12345,4096,Cross Site Scripting,0,0
10.42.0.42-85.93.5.109-42672-80-6,UDP,ACK,DHCP,890123,567890,10.0.0.10,192.168.1.5,67,12345,256,DoS,1,1
172.217.12.129-10.42.0.211-443-58466-6,TCP,SYN,SMTP,234567,456789,192.168.0.5,10.0.0.10,25,12345,512,Cross Site Scripting,0,0
10.42.0.151-106.39.169.66-45232-80-6,UDP,ACK,SNMP,456789,234567,10.0.0.8,192.168.0.5,161,12345,256,DoS,1,1
172.217.3.106-10.42.0.211-443-59275-6,TCP,SYN,FTP,789012,345678,10.0.0.2,192.168.1.10,21,12345,512,DoS,1,1
10.42.0.211-104.97.95.172-34787-80-6,UDP,ACK,DNS,345678,789012,192.168.1.10,10.0.0.2,12345,53,256,Cross Site Scripting,0,0
10.42.0.211-10.42.0.1-19783-53-17,TCP,SYN,SSH,123456,987654,10.0.0.5,192.168.0.1,12345,22,1024,DoS,1,1
180.149.136.247-10.42.0.42-80-42404-6,UDP,ACK,NTP,987654,123456,192.168.0.1,10.0.0.5,12345,123,512,Password Attacks,2,2
172.217.6.225-10.42.0.42-443-37660-6,TCP,RST,FTP,345678,789012,10.0.0.2,192.168.1.10,12345,20,2048,Cross Site Scripting,0,0
10.42.0.151-10.42.0.1-7398-53-17,UDP,ACK,SNMP,789012,345678,192.168.1.10,10.0.0.2,161,12345,768,DoS,1,1
183.57.48.84-10.42.0.151-80-49064-6,TCP,FIN,HTTPS,123456,987654,10.0.0.5,192.168.0.1,443,12345,4096,Cross Site Scripting,0,0
203.205.151.47-10.42.0.42-80-39613-6,UDP,ACK,DHCP,987654,123456,192.168.0.1,10.0.0.5,67,12345,256,DoS,1,1
192.229.173.173-10.42.0.211-80-53898-6,TCP,SYN,SMTP,789012,345678,10.0.0.2,192.168.1.10,25,12345,512,DoS,1,1
10.42.0.211-52.84.6.107-50535-443-6,UDP,ACK,SNMP,345678,789012,10.0.0.2,192.168.1.10,161,12345,256,Cross Site Scripting,0,0
10.42.0.211-10.42.0.1-59716-53-17,TCP,SYN,FTP,567890,890123,192.168.1.5,10.0.0.10,21,12345,512,DoS,1,1
10.42.0.211-10.42.0.1-3459-53-17,UDP,ACK,DNS,901234,678901,10.0.0.15,192.168.0.2,12345,53,256,Password Attacks,2,2
10.42.0.151-31.13.80.5-42791-443-6,TCP,SYN,SSH,234567,456789,192.168.0.5,10.0.0.10,22,12345,256,Cross Site Scripting,0,0
172.217.10.138-10.42.0.211-443-51384-6,UDP,ACK,NTP,456789,234567,10.0.0.8,192.168.0.5,123,12345,128,DoS,1,1
10.42.0.151-23.208.87.120-44260-80-6,TCP,RST,FTP,678901,901234,192.168.1.10,10.0.0.15,20,12345,2048,Cross Site Scripting,0,0
10.42.0.151-10.42.0.1-56648-53-17,UDP,ACK,SNMP,901234,678901,10.0.0.15,192.168.1.10,161,12345,768,DoS,1,1
172.217.12.195-10.42.0.151-80-57968-6,TCP,FIN,HTTPS,567890,890123,192.168.0.2,10.0.0.8,443,12345,4096,DoS,1,1
172.217.12.202-10.42.0.42-443-45507-6,UDP,ACK,DHCP,890123,567890,10.0.0.10,192.168.1.5,67,12345,256,Cross Site Scripting,0,0
10.42.0.211-10.42.0.1-3247-53-17,TCP,SYN,SMTP,234567,456789,192.168.0.5,10.0.0.10,25,12345,512,DoS,1,1
10.42.0.151-104.244.43.227-49846-443-6,UDP,ACK,SNMP,456789,234567,10.0.0.8,192.168.0.5,161,12345,256,Password Attacks,2,2
151.101.1.140-10.42.0.42-443-39268-6,TCP,SYN,FTP,789012,345678,10.0.0.2,192.168.1.10,21,12345,512,Cross Site Scripting,0,0
10.42.0.151-119.146.74.34-33727-80-6,UDP,ACK,DNS,345678,789012,192.168.1.10,10.0.0.2,12345,53,256,DoS,1,1
10.42.0.211-23.21.51.186-36019-443-6,TCP,SYN,SSH,123456,987654,10.0.0.5,192.168.0.1,12345,22,1024,Cross Site Scripting,0,0
10.42.0.211-72.30.3.43-60144-443-6,UDP,ACK,NTP,987654,123456,192.168.0.1,10.0.0.5,12345,123,512,DoS,1,1
182.22.67.89-10.42.0.211-443-45897-6,TCP,RST,FTP,345678,789012,10.0.0.2,192.168.1.10,12345,20,2048,DoS,1,1
10.42.0.211-23.206.125.17-50472-80-6,UDP,ACK,SNMP,789012,345678,192.168.1.10,10.0.0.2,161,12345,768,Cross Site Scripting,0,0
10.42.0.211-106.11.129.143-52932-80-6,TCP,FIN,HTTPS,123456,987654,10.0.0.5,192.168.0.1,443,12345,4096,DoS,1,1
10.42.0.151-112.80.248.187-50574-80-6,UDP,ACK,DHCP,987654,123456,192.168.0.1,10.0.0.5,67,12345,256,Password Attacks,2,2
172.217.10.2-10.42.0.211-443-39151-6,TCP,SYN,SMTP,789012,345678,10.0.0.2,192.168.1.10,25,12345,512,Cross Site Scripting,0,0
10.42.0.211-98.139.180.180-60641-443-6,UDP,ACK,SNMP,345678,789012,10.0.0.2,192.168.1.10,161,12345,256,DoS,1,1
10.42.0.1-10.42.0.42-53-6353-17,TCP,SYN,FTP,567890,890123,192.168.1.5,10.0.0.10,21,12345,512,Cross Site Scripting,0,0
208.80.154.224-10.42.0.211-80-44731-6,UDP,ACK,DNS,901234,678901,10.0.0.15,192.168.0.2,12345,53,256,DoS,1,1
10.42.0.151-119.146.74.33-59412-443-6,TCP,SYN,SSH,234567,456789,192.168.0.5,10.0.0.10,22,12345,256,DoS,1,1
10.42.0.42-37.1.204.175-50243-80-6,UDP,ACK,NTP,456789,234567,10.0.0.8,192.168.0.5,123,12345,128,Cross Site Scripting,0,0
172.217.10.3-10.42.0.211-443-60323-6,TCP,RST,FTP,678901,901234,192.168.1.10,10.0.0.15,20,12345,2048,DoS,1,1
172.217.10.227-10.42.0.151-443-42514-17,TCP,SYN,HTTP,123456,987654,192.168.0.1,10.0.0.5,12345,80,1024,Cross Site Scripting,0,0
10.42.0.211-10.42.0.1-25838-53-17,UDP,ACK,DNS,987654,123456,10.0.0.2,192.168.0.1,53,12345,512,DoS,1,1
183.79.250.123-10.42.0.211-443-60681-6,TCP,SYN,SSH,789012,345678,192.168.1.10,10.0.0.8,22,12345,256,Password Attacks,2,2
10.42.0.211-10.42.0.1-41146-53-17,UDP,ACK,NTP,345678,789012,10.0.0.5,192.168.1.10,123,12345,128,Password Attacks,2,2
10.42.0.211-10.42.0.1-39629-53-17,TCP,RST,FTP,234567,456789,192.168.0.5,10.0.0.10,20,12345,2048,Cross Site Scripting,0,0
239.255.255.250-10.42.0.1-1900-44401-17,UDP,ACK,SNMP,456789,234567,10.0.0.8,192.168.0.5,161,12345,768,DoS,1,1
10.42.0.211-10.42.0.1-6847-53-17,TCP,FIN,HTTPS,890123,567890,192.168.1.5,10.0.0.2,443,12345,4096,Cross Site Scripting,0,0
10.42.0.151-119.146.74.34-33727-80-6,UDP,ACK,DHCP,567890,890123,10.0.0.10,192.168.1.5,67,12345,256,DoS,1,1
10.42.0.151-10.42.0.1-24483-53-17,TCP,SYN,SMTP,901234,678901,192.168.0.2,10.0.0.15,25,12345,512,DoS,1,1
10.42.0.211-10.42.0.1-56269-53-17,UDP,ACK,SNMP,678901,901234,10.0.0.15,192.168.0.2,161,12345,256,Cross Site Scripting,0,0
10.42.0.211-98.139.183.24-60714-443-6,TCP,SYN,FTP,345678,789012,10.0.0.2,192.168.1.10,21,12345,512,DoS,1,1
172.217.6.202-10.42.0.42-443-59583-6,UDP,ACK,DNS,789012,345678,192.168.1.10,10.0.0.2,12345,53,256,Password Attacks,2,2
172.217.3.110-10.42.0.211-443-51255-6,TCP,SYN,SSH,123456,987654,10.0.0.5,192.168.0.1,12345,22,1024,Password Attacks,2,2
172.217.12.131-10.42.0.151-443-46592-6,UDP,ACK,NTP,987654,123456,192.168.0.1,10.0.0.5,12345,123,512,Cross Site Scripting,0,0
10.42.0.211-52.52.71.203-37229-443-6,TCP,RST,FTP,345678,789012,10.0.0.2,192.168.1.10,12345,20,2048,DoS,1,1
10.42.0.211-104.192.110.245-59670-443-6,UDP,ACK,SNMP,789012,345678,192.168.1.10,10.0.0.2,161,12345,768,Cross Site Scripting,0,0
172.217.12.162-10.42.0.151-443-56672-6,TCP,FIN,HTTPS,123456,987654,10.0.0.5,192.168.0.1,443,12345,4096,DoS,1,1
174.35.73.97-10.42.0.42-443-59841-6,UDP,ACK,DHCP,987654,123456,192.168.0.1,10.0.0.5,67,12345,256,DoS,1,1
10.42.0.151-36.110.213.49-52298-443-6,TCP,SYN,SMTP,789012,345678,10.0.0.2,192.168.1.10,25,12345,512,Cross Site Scripting,0,0
10.42.0.211-54.192.38.7-42411-443-6,UDP,ACK,SNMP,345678,789012,10.0.0.2,192.168.1.10,161,12345,256,DoS,1,1
10.42.0.151-121.12.98.63-42060-80-6,TCP,SYN,FTP,567890,890123,192.168.1.5,10.0.0.10,21,12345,512,Password Attacks,2,2
10.42.0.211-10.42.0.1-36084-53-17,UDP,ACK,DNS,901234,678901,10.0.0.15,192.168.0.2,12345,53,256,Password Attacks,2,2
10.42.0.151-121.29.54.142-59446-80-6,TCP,SYN,SSH,234567,456789,192.168.0.5,10.0.0.10,22,12345,256,Cross Site Scripting,0,0
10.42.0.151-52.84.29.154-43884-443-6,UDP,ACK,NTP,456789,234567,10.0.0.8,192.168.0.5,123,12345,128,DoS,1,1
10.42.0.151-10.42.0.1-47057-53-17,TCP,RST,FTP,678901,901234,192.168.1.10,10.0.0.15,20,12345,2048,Cross Site Scripting,0,0
172.217.12.206-10.42.0.151-443-36502-6,UDP,ACK,SNMP,901234,678901,10.0.0.15,192.168.1.10,161,12345,768,DoS,1,1
10.42.0.211-10.42.0.1-58381-53-17,TCP,FIN,HTTPS,567890,890123,192.168.0.2,10.0.0.8,443,12345,4096,DoS,1,1
172.217.7.132-10.42.0.211-443-39624-6,UDP,ACK,DHCP,890123,567890,10.0.0.10,192.168.1.5,67,12345,256,Cross Site Scripting,0,0
10.42.0.211-10.42.0.1-40273-53-17,TCP,SYN,SMTP,234567,456789,192.168.0.5,10.0.0.10,25,12345,512,DoS,1,1
203.130.53.126-10.42.0.211-80-51943-6,UDP,ACK,SNMP,456789,234567,10.0.0.8,192.168.0.5,161,12345,256,Password Attacks,2,2
10.42.0.42-114.134.80.163-42890-80-6,TCP,SYN,FTP,789012,345678,10.0.0.2,192.168.1.10,21,12345,512,Cross Site Scripting,0,0
172.217.10.106-10.42.0.151-443-58968-6,UDP,ACK,DNS,345678,789012,192.168.1.10,10.0.0.2,12345,53,256,DoS,1,1
10.42.0.151-10.42.0.1-61112-53-17,TCP,SYN,SSH,123456,987654,10.0.0.5,192.168.0.1,12345,22,1024,Cross Site Scripting,0,0
216.58.219.227-10.42.0.151-443-53471-6,UDP,ACK,NTP,987654,123456,192.168.0.1,10.0.0.5,12345,123,512,DoS,1,1
172.217.11.3-10.42.0.211-443-41353-6,TCP,RST,FTP,345678,789012,10.0.0.2,192.168.1.10,12345,20,2048,DoS,1,1
10.42.0.151-10.42.0.1-2129-53-17,UDP,ACK,SNMP,789012,345678,192.168.1.10,10.0.0.2,161,12345,768,Cross Site Scripting,0,0
10.42.0.211-98.139.183.24-60738-80-6,TCP,FIN,HTTPS,123456,987654,10.0.0.5,192.168.0.1,443,12345,4096,DoS,1,1
10.42.0.211-64.71.142.110-41778-443-6,UDP,ACK,DHCP,987654,123456,192.168.0.1,10.0.0.5,67,12345,256,Password Attacks,2,2
172.217.10.138-10.42.0.211-443-43925-6,TCP,SYN,SMTP,789012,345678,10.0.0.2,192.168.1.10,25,12345,512,Cross Site Scripting,0,0
172.217.10.42-10.42.0.211-443-33411-6,UDP,ACK,SNMP,345678,789012,10.0.0.2,192.168.1.10,161,12345,256,DoS,1,1
172.217.11.14-10.42.0.151-443-47607-6,TCP,SYN,FTP,567890,890123,192.168.1.5,10.0.0.10,21,12345,512,Cross Site Scripting,0,0
8.0.6.4-8.6.0.1-0-0-0,UDP,ACK,DNS,901234,678901,10.0.0.15,192.168.0.2,12345,53,256,DoS,1,1
157.240.2.20-10.42.0.151-443-57219-6,TCP,SYN,SSH,234567,456789,192.168.0.5,10.0.0.10,22,12345,256,DoS,1,1
172.217.12.131-10.42.0.211-443-40356-6,UDP,ACK,NTP,456789,234567,10.0.0.8,192.168.0.5,123,12345,128,Cross Site Scripting,0,0
10.42.0.211-103.43.91.9-33189-443-6,TCP,RST,FTP,678901,901234,192.168.1.10,10.0.0.15,20,12345,2048,DoS,1,1
172.217.6.195-10.42.0.151-443-59725-6,UDP,ACK,SNMP,901234,678901,10.0.0.15,192.168.1.10,161,12345,768,Password Attacks,2,2
10.42.0.211-118.178.143.65-56806-80-6,TCP,FIN,HTTPS,567890,890123,192.168.0.2,10.0.0.8,443,12345,4096,Cross Site Scripting,0,0
10.42.0.42-123.125.29.220-57798-80-6,UDP,ACK,DHCP,890123,567890,10.0.0.10,192.168.1.5,67,12345,256,DoS,1,1
10.42.0.151-91.190.216.55-59877-12350-6,TCP,SYN,SMTP,234567,456789,192.168.0.5,10.0.0.10,25,12345,512,Cross Site Scripting,0,0
172.217.10.10-10.42.0.211-443-48930-6,UDP,ACK,SNMP,456789,234567,10.0.0.8,192.168.0.5,161,12345,256,DoS,1,1
10.42.0.211-66.231.239.95-46115-443-6,TCP,SYN,FTP,789012,345678,10.0.0.2,192.168.1.10,21,12345,512,DoS,1,1
10.42.0.211-10.42.0.1-32857-53-17,UDP,ACK,DNS,345678,789012,192.168.1.10,10.0.0.2,12345,53,256,Cross Site Scripting,0,0
10.42.0.1-10.42.0.42-53-53643-17,TCP,SYN,SSH,123456,987654,10.0.0.5,192.168.0.1,12345,22,1024,DoS,1,1
10.42.0.151-54.239.17.112-43075-443-6,UDP,ACK,NTP,987654,123456,192.168.0.1,10.0.0.5,12345,123,512,Password Attacks,2,2
10.42.0.211-10.42.0.1-12183-53-17,TCP,RST,FTP,345678,789012,10.0.0.2,192.168.1.10,12345,20,2048,Cross Site Scripting,0,0
173.194.68.188-10.42.0.42-5228-52316-6,UDP,ACK,SNMP,789012,345678,192.168.1.10,10.0.0.2,161,12345,768,DoS,1,1
172.217.3.110-10.42.0.151-80-53347-6,TCP,FIN,HTTPS,123456,987654,10.0.0.5,192.168.0.1,443,12345,4096,Cross Site Scripting,0,0
180.149.136.194-10.42.0.211-80-46879-6,UDP,ACK,DHCP,987654,123456,192.168.0.1,10.0.0.5,67,12345,256,DoS,1,1
172.217.11.14-10.42.0.151-443-46928-6,TCP,SYN,SMTP,789012,345678,10.0.0.2,192.168.1.10,25,12345,512,DoS,1,1
10.42.0.151-10.42.0.1-1695-53-17,UDP,ACK,SNMP,345678,789012,10.0.0.2,192.168.1.10,161,12345,256,Cross Site Scripting,0,0
10.42.0.211-64.71.142.96-49123-80-6,TCP,SYN,FTP,567890,890123,192.168.1.5,10.0.0.10,21,12345,512,DoS,1,1
172.217.12.194-10.42.0.211-443-48689-6,UDP,ACK,DNS,901234,678901,10.0.0.15,192.168.0.2,12345,53,256,Password Attacks,2,2
10.42.0.211-10.42.0.1-23146-53-17,TCP,SYN,SSH,234567,456789,192.168.0.5,10.0.0.10,22,12345,256,Cross Site Scripting,0,0
10.42.0.42-121.12.98.62-36307-80-6,UDP,ACK,NTP,456789,234567,10.0.0.8,192.168.0.5,123,12345,128,DoS,1,1
216.58.219.202-10.42.0.211-443-53791-6,TCP,RST,FTP,678901,901234,192.168.1.10,10.0.0.15,20,12345,2048,Cross Site Scripting,0,0
172.217.3.109-10.42.0.42-443-48154-6,UDP,ACK,SNMP,901234,678901,10.0.0.15,192.168.1.10,161,12345,768,DoS,1,1
172.217.3.106-10.42.0.211-443-37796-17,TCP,FIN,HTTPS,567890,890123,192.168.0.2,10.0.0.8,443,12345,4096,DoS,1,1
172.217.3.35-10.42.0.211-443-52566-6,UDP,ACK,DHCP,890123,567890,10.0.0.10,192.168.1.5,67,12345,256,Cross Site Scripting,0,0
151.101.21.140-10.42.0.211-443-57060-6,TCP,SYN,SMTP,234567,456789,192.168.0.5,10.0.0.10,25,12345,512,DoS,1,1
182.22.67.70-10.42.0.151-443-42182-6,UDP,ACK,SNMP,456789,234567,10.0.0.8,192.168.0.5,161,12345,256,Password Attacks,2,2
10.42.0.211-121.12.98.64-52163-80-6,TCP,SYN,FTP,789012,345678,10.0.0.2,192.168.1.10,21,12345,512,Cross Site Scripting,0,0
172.217.11.10-10.42.0.151-443-39919-6,UDP,ACK,DNS,345678,789012,192.168.1.10,10.0.0.2,12345,53,256,DoS,1,1
172.217.5.228-10.42.0.42-443-58532-6,TCP,SYN,SSH,123456,987654,10.0.0.5,192.168.0.1,12345,22,1024,Cross Site Scripting,0,0
151.101.1.140-10.42.0.151-443-52448-6,UDP,ACK,NTP,987654,123456,192.168.0.1,10.0.0.5,12345,123,512,DoS,1,1
239.255.255.250-10.42.0.1-1900-45402-17,TCP,RST,FTP,345678,789012,10.0.0.2,192.168.1.10,12345,20,2048,DoS,1,1
173.194.68.188-10.42.0.211-5228-58829-6,UDP,ACK,SNMP,789012,345678,192.168.1.10,10.0.0.2,161,12345,768,Cross Site Scripting,0,0
10.42.0.151-123.125.29.220-48986-80-6,TCP,FIN,HTTPS,123456,987654,10.0.0.5,192.168.0.1,443,12345,4096,DoS,1,1
10.42.0.211-52.84.37.172-47265-443-6,UDP,ACK,DHCP,987654,123456,192.168.0.1,10.0.0.5,67,12345,256,Password Attacks,2,2
10.42.0.211-119.146.74.34-43091-80-6,TCP,SYN,SMTP,789012,345678,10.0.0.2,192.168.1.10,25,12345,512,Cross Site Scripting,0,0
206.126.112.142-10.42.0.151-443-48062-6,UDP,ACK,SNMP,345678,789012,10.0.0.2,192.168.1.10,161,12345,256,DoS,1,1
203.205.158.63-10.42.0.151-80-52151-6,TCP,SYN,FTP,567890,890123,192.168.1.5,10.0.0.10,21,12345,512,Cross Site Scripting,0,0
172.217.7.195-10.42.0.211-80-35628-6,UDP,ACK,DNS,901234,678901,10.0.0.15,192.168.0.2,12345,53,256,DoS,1,1
172.217.6.225-10.42.0.42-443-46750-6,TCP,SYN,SSH,234567,456789,192.168.0.5,10.0.0.10,22,12345,256,DoS,1,1
10.42.0.151-74.125.22.139-47053-443-6,UDP,ACK,NTP,456789,234567,10.0.0.8,192.168.0.5,123,12345,128,Cross Site Scripting,0,0
174.35.73.107-10.42.0.211-443-46011-6,TCP,RST,FTP,678901,901234,192.168.1.10,10.0.0.15,20,12345,2048,DoS,1,1
10.42.0.211-10.42.0.1-47161-53-17,UDP,ACK,SNMP,901234,678901,10.0.0.15,192.168.1.10,161,12345,768,Password Attacks,2,2
172.217.11.46-10.42.0.151-443-58376-6,TCP,FIN,HTTPS,567890,890123,192.168.0.2,10.0.0.8,443,12345,4096,Cross Site Scripting,0,0
180.149.136.194-10.42.0.42-80-38469-6,UDP,ACK,DHCP,890123,567890,10.0.0.10,192.168.1.5,67,12345,256,DoS,1,1
172.217.5.227-10.42.0.151-443-43065-6,TCP,SYN,SMTP,234567,456789,192.168.0.5,10.0.0.10,25,12345,512,Cross Site Scripting,0,0
10.42.0.211-66.198.24.253-53934-80-6,UDP,ACK,SNMP,456789,234567,10.0.0.8,192.168.0.5,161,12345,256,DoS,1,1
10.42.0.151-10.42.0.1-64621-53-17,TCP,SYN,FTP,789012,345678,10.0.0.2,192.168.1.10,21,12345,512,DoS,1,1
10.42.0.211-65.55.118.92-32770-80-6,UDP,ACK,DNS,345678,789012,192.168.1.10,10.0.0.2,12345,53,256,Cross Site Scripting,0,0
10.42.0.211-104.97.95.172-36270-80-6,TCP,SYN,SSH,123456,987654,10.0.0.5,192.168.0.1,12345,22,1024,DoS,1,1
10.42.0.151-98.139.180.180-44590-443-6,UDP,ACK,NTP,987654,123456,192.168.0.1,10.0.0.5,12345,123,512,Password Attacks,2,2
203.205.147.229-10.42.0.42-80-54472-6,TCP,RST,FTP,345678,789012,10.0.0.2,192.168.1.10,12345,20,2048,Cross Site Scripting,0,0
10.42.0.151-10.42.0.1-22095-53-17,UDP,ACK,SNMP,789012,345678,192.168.1.10,10.0.0.2,161,12345,768,DoS,1,1
10.42.0.151-10.42.0.1-30156-53-17,TCP,FIN,HTTPS,123456,987654,10.0.0.5,192.168.0.1,443,12345,4096,Cross Site Scripting,0,0
10.42.0.211-121.12.98.63-35938-80-6,UDP,ACK,DHCP,987654,123456,192.168.0.1,10.0.0.5,67,12345,256,DoS,1,1
172.217.7.227-10.42.0.211-80-36495-6,TCP,SYN,SMTP,789012,345678,10.0.0.2,192.168.1.10,25,12345,512,DoS,1,1
10.42.0.211-10.42.0.1-18573-53-17,UDP,ACK,SNMP,345678,789012,10.0.0.2,192.168.1.10,161,12345,256,Cross Site Scripting,0,0
172.217.11.3-10.42.0.151-443-43864-6,TCP,SYN,FTP,567890,890123,192.168.1.5,10.0.0.10,21,12345,512,DoS,1,1
192.229.173.173-10.42.0.211-443-44790-6,UDP,ACK,DNS,901234,678901,10.0.0.15,192.168.0.2,12345,53,256,Password Attacks,2,2
172.217.10.98-10.42.0.211-443-34848-6,TCP,SYN,SSH,234567,456789,192.168.0.5,10.0.0.10,22,12345,256,Cross Site Scripting,0,0
10.42.0.211-106.39.169.66-55307-80-6,UDP,ACK,NTP,456789,234567,10.0.0.8,192.168.0.5,123,12345,128,DoS,1,1
10.42.0.211-31.13.71.1-43599-443-6,TCP,RST,FTP,678901,901234,192.168.1.10,10.0.0.15,20,12345,2048,Cross Site Scripting,0,0
203.205.158.62-10.42.0.151-80-37702-6,UDP,ACK,SNMP,901234,678901,10.0.0.15,192.168.1.10,161,12345,768,DoS,1,1
10.42.0.211-10.42.0.1-4080-53-17,TCP,FIN,HTTPS,567890,890123,192.168.0.2,10.0.0.8,443,12345,4096,DoS,1,1
203.205.158.63-10.42.0.211-80-41538-6,UDP,ACK,DHCP,890123,567890,10.0.0.10,192.168.1.5,67,12345,256,Cross Site Scripting,0,0
10.42.0.211-52.84.139.205-56516-443-6,TCP,SYN,SMTP,234567,456789,192.168.0.5,10.0.0.10,25,12345,512,DoS,1,1
10.42.0.151-10.42.0.1-46771-53-17,UDP,ACK,SNMP,456789,234567,10.0.0.8,192.168.0.5,161,12345,256,Password Attacks,2,2
10.42.0.151-52.177.171.143-43513-443-6,TCP,SYN,FTP,789012,345678,10.0.0.2,192.168.1.10,21,12345,512,Cross Site Scripting,0,0
172.217.10.72-10.42.0.211-443-42064-6,UDP,ACK,DNS,345678,789012,192.168.1.10,10.0.0.2,12345,53,256,DoS,1,1
208.80.154.224-10.42.0.42-80-47103-6,TCP,SYN,SSH,123456,987654,10.0.0.5,192.168.0.1,12345,22,1024,Cross Site Scripting,0,0
10.42.0.211-69.147.82.61-54755-443-6,UDP,ACK,NTP,987654,123456,192.168.0.1,10.0.0.5,12345,123,512,DoS,1,1
174.36.210.41-10.42.0.211-5222-55916-6,TCP,RST,FTP,345678,789012,10.0.0.2,192.168.1.10,12345,20,2048,DoS,1,1
172.217.10.78-10.42.0.151-443-45549-6,UDP,ACK,SNMP,789012,345678,192.168.1.10,10.0.0.2,161,12345,768,Cross Site Scripting,0,0
172.217.11.35-10.42.0.151-443-34360-6,TCP,FIN,HTTPS,123456,987654,10.0.0.5,192.168.0.1,443,12345,4096,DoS,1,1
10.42.0.211-120.55.89.238-52786-8977-6,UDP,ACK,DHCP,987654,123456,192.168.0.1,10.0.0.5,67,12345,256,Password Attacks,2,2
180.149.136.194-10.42.0.211-80-48566-6,TCP,SYN,SMTP,789012,345678,10.0.0.2,192.168.1.10,25,12345,512,Cross Site Scripting,0,0
172.217.9.227-10.42.0.42-443-34839-6,UDP,ACK,SNMP,345678,789012,10.0.0.2,192.168.1.10,161,12345,256,DoS,1,1
10.42.0.151-64.71.142.124-57470-443-6,TCP,SYN,FTP,567890,890123,192.168.1.5,10.0.0.10,21,12345,512,Cross Site Scripting,0,0
10.42.0.211-10.42.0.1-41097-53-17,UDP,ACK,DNS,901234,678901,10.0.0.15,192.168.0.2,12345,53,256,DoS,1,1
10.42.0.211-10.42.0.1-3799-53-17,TCP,SYN,SSH,234567,456789,192.168.0.5,10.0.0.10,22,12345,256,DoS,1,1
10.42.0.211-54.230.38.228-54845-80-6,UDP,ACK,NTP,456789,234567,10.0.0.8,192.168.0.5,123,12345,128,Cross Site Scripting,0,0
10.42.0.151-119.146.74.32-55485-443-6,TCP,RST,FTP,678901,901234,192.168.1.10,10.0.0.15,20,12345,2048,DoS,1,1
151.101.1.140-10.42.0.151-443-52526-6,TCP,SYN,HTTP,123456,987654,192.168.0.1,10.0.0.5,12345,80,1024,Cross Site Scripting,0,0
10.42.0.211-104.192.110.245-48711-80-6,UDP,ACK,DNS,987654,123456,10.0.0.2,192.168.0.1,53,12345,512,DoS,1,1
10.42.0.211-10.42.0.1-46580-53-17,TCP,SYN,SSH,789012,345678,192.168.1.10,10.0.0.8,22,12345,256,Password Attacks,2,2
10.42.0.211-123.59.190.237-32845-80-6,UDP,ACK,NTP,345678,789012,10.0.0.5,192.168.1.10,123,12345,128,Password Attacks,2,2
10.42.0.211-77.234.42.92-59425-443-6,TCP,RST,FTP,234567,456789,192.168.0.5,10.0.0.10,20,12345,2048,Cross Site Scripting,0,0
172.217.10.42-10.42.0.42-443-60781-6,UDP,ACK,SNMP,456789,234567,10.0.0.8,192.168.0.5,161,12345,768,DoS,1,1
172.217.11.3-10.42.0.151-443-50426-6,TCP,FIN,HTTPS,890123,567890,192.168.1.5,10.0.0.2,443,12345,4096,Cross Site Scripting,0,0
10.42.0.211-52.85.101.68-41900-443-6,UDP,ACK,DHCP,567890,890123,10.0.0.10,192.168.1.5,67,12345,256,DoS,1,1
10.42.0.211-123.125.29.138-57922-443-6,TCP,SYN,SMTP,901234,678901,192.168.0.2,10.0.0.15,25,12345,512,DoS,1,1
174.35.73.136-10.42.0.211-80-54249-6,UDP,ACK,SNMP,678901,901234,10.0.0.15,192.168.0.2,161,12345,256,Cross Site Scripting,0,0
172.217.6.234-10.42.0.211-443-45443-6,TCP,SYN,FTP,345678,789012,10.0.0.2,192.168.1.10,21,12345,512,DoS,1,1
182.22.25.252-10.42.0.211-443-38785-6,UDP,ACK,DNS,789012,345678,192.168.1.10,10.0.0.2,12345,53,256,Password Attacks,2,2
172.217.10.46-10.42.0.42-443-57311-6,TCP,SYN,SSH,123456,987654,10.0.0.5,192.168.0.1,12345,22,1024,Password Attacks,2,2
10.42.0.211-10.42.0.1-6773-53-17,UDP,ACK,NTP,987654,123456,192.168.0.1,10.0.0.5,12345,123,512,Cross Site Scripting,0,0
10.42.0.211-114.112.89.213-45224-80-6,TCP,RST,FTP,345678,789012,10.0.0.2,192.168.1.10,12345,20,2048,DoS,1,1
10.42.0.211-52.179.189.71-33989-443-6,UDP,ACK,SNMP,789012,345678,192.168.1.10,10.0.0.2,161,12345,768,Cross Site Scripting,0,0
10.42.0.211-23.23.137.154-33305-443-6,TCP,FIN,HTTPS,123456,987654,10.0.0.5,192.168.0.1,443,12345,4096,DoS,1,1
10.42.0.211-10.42.0.1-31719-53-17,UDP,ACK,DHCP,987654,123456,192.168.0.1,10.0.0.5,67,12345,256,DoS,1,1
172.217.11.35-10.42.0.211-443-34039-6,TCP,SYN,SMTP,789012,345678,10.0.0.2,192.168.1.10,25,12345,512,Cross Site Scripting,0,0
10.42.0.151-72.21.206.140-39706-443-6,UDP,ACK,SNMP,345678,789012,10.0.0.2,192.168.1.10,161,12345,256,DoS,1,1
182.22.24.124-10.42.0.211-443-45717-6,TCP,SYN,FTP,567890,890123,192.168.1.5,10.0.0.10,21,12345,512,Password Attacks,2,2
10.42.0.1-10.42.0.42-53-62752-17,UDP,ACK,DNS,901234,678901,10.0.0.15,192.168.0.2,12345,53,256,Password Attacks,2,2
172.217.10.42-10.42.0.151-443-43737-6,TCP,SYN,SSH,234567,456789,192.168.0.5,10.0.0.10,22,12345,256,Cross Site Scripting,0,0
10.42.0.211-52.22.175.235-55754-443-6,UDP,ACK,NTP,456789,234567,10.0.0.8,192.168.0.5,123,12345,128,DoS,1,1
183.79.248.124-10.42.0.42-443-46681-6,TCP,RST,FTP,678901,901234,192.168.1.10,10.0.0.15,20,12345,2048,Cross Site Scripting,0,0
172.217.6.195-10.42.0.42-443-42702-6,UDP,ACK,SNMP,901234,678901,10.0.0.15,192.168.1.10,161,12345,768,DoS,1,1
192.229.163.180-10.42.0.211-443-37021-6,TCP,FIN,HTTPS,567890,890123,192.168.0.2,10.0.0.8,443,12345,4096,DoS,1,1
172.217.12.174-10.42.0.151-443-55480-6,UDP,ACK,DHCP,890123,567890,10.0.0.10,192.168.1.5,67,12345,256,Cross Site Scripting,0,0
10.42.0.1-10.42.0.42-53-26700-17,TCP,SYN,SMTP,234567,456789,192.168.0.5,10.0.0.10,25,12345,512,DoS,1,1
172.217.3.106-10.42.0.151-443-49427-6,UDP,ACK,SNMP,456789,234567,10.0.0.8,192.168.0.5,161,12345,256,Password Attacks,2,2
10.42.0.211-10.42.0.1-29441-53-17,TCP,SYN,FTP,789012,345678,10.0.0.2,192.168.1.10,21,12345,512,Cross Site Scripting,0,0
10.42.0.211-54.192.37.11-41383-443-6,UDP,ACK,DNS,345678,789012,192.168.1.10,10.0.0.2,12345,53,256,DoS,1,1
203.205.158.52-10.42.0.42-80-47427-6,TCP,SYN,SSH,123456,987654,10.0.0.5,192.168.0.1,12345,22,1024,Cross Site Scripting,0,0
10.42.0.211-64.71.142.95-57972-443-6,UDP,ACK,NTP,987654,123456,192.168.0.1,10.0.0.5,12345,123,512,DoS,1,1
10.42.0.211-10.42.0.1-35441-53-17,TCP,RST,FTP,345678,789012,10.0.0.2,192.168.1.10,12345,20,2048,DoS,1,1
10.42.0.151-23.194.108.134-44102-443-6,UDP,ACK,SNMP,789012,345678,192.168.1.10,10.0.0.2,161,12345,768,Cross Site Scripting,0,0
10.42.0.42-52.84.29.134-41435-443-6,TCP,FIN,HTTPS,123456,987654,10.0.0.5,192.168.0.1,443,12345,4096,DoS,1,1
10.42.0.1-10.42.0.42-53-10057-17,UDP,ACK,DHCP,987654,123456,192.168.0.1,10.0.0.5,67,12345,256,Password Attacks,2,2
8.0.6.4-8.6.0.1-0-0-0,TCP,SYN,SMTP,789012,345678,10.0.0.2,192.168.1.10,25,12345,512,Cross Site Scripting,0,0
172.217.10.35-10.42.0.211-443-34894-6,UDP,ACK,SNMP,345678,789012,10.0.0.2,192.168.1.10,161,12345,256,DoS,1,1
10.42.0.211-123.125.29.220-41291-80-6,TCP,SYN,FTP,567890,890123,192.168.1.5,10.0.0.10,21,12345,512,Cross Site Scripting,0,0
10.42.0.42-104.192.110.245-36031-443-6,UDP,ACK,DNS,901234,678901,10.0.0.15,192.168.0.2,12345,53,256,DoS,1,1
10.42.0.42-52.52.223.248-42853-443-6,TCP,SYN,SSH,234567,456789,192.168.0.5,10.0.0.10,22,12345,256,DoS,1,1
180.149.134.142-10.42.0.42-80-51699-6,UDP,ACK,NTP,456789,234567,10.0.0.8,192.168.0.5,123,12345,128,Cross Site Scripting,0,0
10.42.0.211-77.234.44.42-41658-80-6,TCP,RST,FTP,678901,901234,192.168.1.10,10.0.0.15,20,12345,2048,DoS,1,1
216.58.219.238-10.42.0.151-443-47095-6,UDP,ACK,SNMP,901234,678901,10.0.0.15,192.168.1.10,161,12345,768,Password Attacks,2,2
203.205.148.71-10.42.0.42-80-45053-6,TCP,FIN,HTTPS,567890,890123,192.168.0.2,10.0.0.8,443,12345,4096,Cross Site Scripting,0,0
10.42.0.211-66.102.255.61-56498-80-6,UDP,ACK,DHCP,890123,567890,10.0.0.10,192.168.1.5,67,12345,256,DoS,1,1
10.42.0.42-119.146.74.48-55150-80-6,TCP,SYN,SMTP,234567,456789,192.168.0.5,10.0.0.10,25,12345,512,Cross Site Scripting,0,0
10.42.0.211-10.42.0.1-4963-53-17,UDP,ACK,SNMP,456789,234567,10.0.0.8,192.168.0.5,161,12345,256,DoS,1,1
10.42.0.211-10.42.0.1-12223-53-17,TCP,SYN,FTP,789012,345678,10.0.0.2,192.168.1.10,21,12345,512,DoS,1,1
10.42.0.1-10.42.0.42-53-52089-17,UDP,ACK,DNS,345678,789012,192.168.1.10,10.0.0.2,12345,53,256,Cross Site Scripting,0,0
172.217.12.174-10.42.0.151-443-50465-6,TCP,SYN,SSH,123456,987654,10.0.0.5,192.168.0.1,12345,22,1024,DoS,1,1
10.42.0.151-10.42.0.1-24924-53-17,UDP,ACK,NTP,987654,123456,192.168.0.1,10.0.0.5,12345,123,512,Password Attacks,2,2
10.42.0.211-74.6.105.9-51614-443-6,TCP,RST,FTP,345678,789012,10.0.0.2,192.168.1.10,12345,20,2048,Cross Site Scripting,0,0
10.42.0.151-66.198.24.253-40210-80-6,UDP,ACK,SNMP,789012,345678,192.168.1.10,10.0.0.2,161,12345,768,DoS,1,1
172.217.10.10-10.42.0.42-443-35931-6,TCP,FIN,HTTPS,123456,987654,10.0.0.5,192.168.0.1,443,12345,4096,Cross Site Scripting,0,0
10.42.0.151-10.42.0.1-42007-53-17,UDP,ACK,DHCP,987654,123456,192.168.0.1,10.0.0.5,67,12345,256,DoS,1,1
172.217.6.206-10.42.0.151-443-47047-6,TCP,SYN,SMTP,789012,345678,10.0.0.2,192.168.1.10,25,12345,512,DoS,1,1
10.42.0.211-64.71.142.124-51755-80-6,UDP,ACK,SNMP,345678,789012,10.0.0.2,192.168.1.10,161,12345,256,Cross Site Scripting,0,0
198.51.152.179-10.42.0.151-443-52924-6,TCP,SYN,FTP,567890,890123,192.168.1.5,10.0.0.10,21,12345,512,DoS,1,1
10.42.0.211-10.42.0.1-14252-53-17,UDP,ACK,DNS,901234,678901,10.0.0.15,192.168.0.2,12345,53,256,Password Attacks,2,2
10.42.0.211-10.42.0.1-2077-53-17,TCP,SYN,SSH,234567,456789,192.168.0.5,10.0.0.10,22,12345,256,Cross Site Scripting,0,0
192.229.163.180-10.42.0.211-443-45317-6,UDP,ACK,NTP,456789,234567,10.0.0.8,192.168.0.5,123,12345,128,DoS,1,1
10.42.0.211-23.208.218.4-57725-443-6,TCP,RST,FTP,678901,901234,192.168.1.10,10.0.0.15,20,12345,2048,Cross Site Scripting,0,0
172.217.9.234-10.42.0.211-443-51392-6,UDP,ACK,SNMP,901234,678901,10.0.0.15,192.168.1.10,161,12345,768,DoS,1,1
10.42.0.211-10.42.0.1-6861-53-17,TCP,FIN,HTTPS,567890,890123,192.168.0.2,10.0.0.8,443,12345,4096,DoS,1,1
10.42.0.211-68.67.178.111-45898-443-6,UDP,ACK,DHCP,890123,567890,10.0.0.10,192.168.1.5,67,12345,256,Cross Site Scripting,0,0
10.42.0.211-77.234.44.200-56590-80-6,TCP,SYN,SMTP,234567,456789,192.168.0.5,10.0.0.10,25,12345,512,DoS,1,1
203.205.158.52-10.42.0.42-80-47430-6,UDP,ACK,SNMP,456789,234567,10.0.0.8,192.168.0.5,161,12345,256,Password Attacks,2,2
172.217.10.226-10.42.0.211-443-35816-6,TCP,SYN,FTP,789012,345678,10.0.0.2,192.168.1.10,21,12345,512,Cross Site Scripting,0,0
172.217.12.131-10.42.0.42-443-51604-6,UDP,ACK,DNS,345678,789012,192.168.1.10,10.0.0.2,12345,53,256,DoS,1,1
10.42.0.211-47.88.68.21-43805-443-6,TCP,SYN,SSH,123456,987654,10.0.0.5,192.168.0.1,12345,22,1024,Cross Site Scripting,0,0
180.149.136.194-10.42.0.211-443-32926-6,UDP,ACK,NTP,987654,123456,192.168.0.1,10.0.0.5,12345,123,512,DoS,1,1
10.42.0.211-31.13.67.16-40131-443-6,TCP,RST,FTP,345678,789012,10.0.0.2,192.168.1.10,12345,20,2048,DoS,1,1
10.42.0.211-106.39.162.36-50140-80-6,UDP,ACK,SNMP,789012,345678,192.168.1.10,10.0.0.2,161,12345,768,Cross Site Scripting,0,0
172.217.10.65-10.42.0.211-443-60887-6,TCP,FIN,HTTPS,123456,987654,10.0.0.5,192.168.0.1,443,12345,4096,DoS,1,1
10.42.0.1-10.42.0.42-53-30908-17,UDP,ACK,DHCP,987654,123456,192.168.0.1,10.0.0.5,67,12345,256,Password Attacks,2,2
10.42.0.211-104.192.110.245-36573-443-6,TCP,SYN,SMTP,789012,345678,10.0.0.2,192.168.1.10,25,12345,512,Cross Site Scripting,0,0
220.243.235.201-10.42.0.42-80-39637-6,UDP,ACK,SNMP,345678,789012,10.0.0.2,192.168.1.10,161,12345,256,DoS,1,1
203.205.158.60-10.42.0.211-80-41200-6,TCP,SYN,FTP,567890,890123,192.168.1.5,10.0.0.10,21,12345,512,Cross Site Scripting,0,0
10.42.0.211-10.42.0.1-14296-53-17,UDP,ACK,DNS,901234,678901,10.0.0.15,192.168.0.2,12345,53,256,DoS,1,1
10.42.0.211-111.202.114.77-49801-443-6,TCP,SYN,SSH,234567,456789,192.168.0.5,10.0.0.10,22,12345,256,DoS,1,1
180.163.15.184-10.42.0.151-80-38708-6,UDP,ACK,NTP,456789,234567,10.0.0.8,192.168.0.5,123,12345,128,Cross Site Scripting,0,0
10.42.0.211-123.125.115.164-54410-443-6,TCP,RST,FTP,678901,901234,192.168.1.10,10.0.0.15,20,12345,2048,DoS,1,1
10.42.0.151-103.7.30.118-56201-80-6,UDP,ACK,SNMP,901234,678901,10.0.0.15,192.168.1.10,161,12345,768,Password Attacks,2,2
198.105.244.11-10.42.0.151-80-35944-6,TCP,FIN,HTTPS,567890,890123,192.168.0.2,10.0.0.8,443,12345,4096,Cross Site Scripting,0,0
10.42.0.211-10.42.0.1-59752-53-17,UDP,ACK,DHCP,890123,567890,10.0.0.10,192.168.1.5,67,12345,256,DoS,1,1
10.42.0.211-72.247.70.190-47937-80-6,TCP,SYN,SMTP,234567,456789,192.168.0.5,10.0.0.10,25,12345,512,Cross Site Scripting,0,0
172.217.9.238-10.42.0.211-443-50751-6,UDP,ACK,SNMP,456789,234567,10.0.0.8,192.168.0.5,161,12345,256,DoS,1,1
10.42.0.211-74.125.22.113-48923-443-6,TCP,SYN,FTP,789012,345678,10.0.0.2,192.168.1.10,21,12345,512,DoS,1,1
10.42.0.42-66.231.239.110-57479-443-6,UDP,ACK,DNS,345678,789012,192.168.1.10,10.0.0.2,12345,53,256,Cross Site Scripting,0,0
182.22.24.252-10.42.0.211-443-52449-6,TCP,SYN,SSH,123456,987654,10.0.0.5,192.168.0.1,12345,22,1024,DoS,1,1
172.217.10.10-10.42.0.151-443-57370-6,UDP,ACK,NTP,987654,123456,192.168.0.1,10.0.0.5,12345,123,512,Password Attacks,2,2
239.255.255.250-10.42.0.1-1900-45823-17,TCP,RST,FTP,345678,789012,10.0.0.2,192.168.1.10,12345,20,2048,Cross Site Scripting,0,0
172.217.10.74-10.42.0.211-443-50292-6,UDP,ACK,SNMP,789012,345678,192.168.1.10,10.0.0.2,161,12345,768,DoS,1,1
172.217.6.234-10.42.0.211-443-45245-6,TCP,FIN,HTTPS,123456,987654,10.0.0.5,192.168.0.1,443,12345,4096,Cross Site Scripting,0,0
10.42.0.211-10.42.0.1-53701-53-17,UDP,ACK,DHCP,987654,123456,192.168.0.1,10.0.0.5,67,12345,256,DoS,1,1
10.42.0.42-31.13.80.37-60553-443-6,TCP,SYN,SMTP,789012,345678,10.0.0.2,192.168.1.10,25,12345,512,DoS,1,1
10.42.0.211-10.42.0.1-25624-53-17,UDP,ACK,SNMP,345678,789012,10.0.0.2,192.168.1.10,161,12345,256,Cross Site Scripting,0,0
209.85.144.139-10.42.0.151-443-53656-6,TCP,SYN,FTP,567890,890123,192.168.1.5,10.0.0.10,21,12345,512,DoS,1,1
172.217.12.202-10.42.0.211-443-35443-6,UDP,ACK,DNS,901234,678901,10.0.0.15,192.168.0.2,12345,53,256,Password Attacks,2,2
10.42.0.211-23.206.166.62-49454-80-6,TCP,SYN,SSH,234567,456789,192.168.0.5,10.0.0.10,22,12345,256,Cross Site Scripting,0,0
10.42.0.211-23.206.173.182-40990-80-6,UDP,ACK,NTP,456789,234567,10.0.0.8,192.168.0.5,123,12345,128,DoS,1,1
10.42.0.211-77.234.41.79-33182-443-6,TCP,RST,FTP,678901,901234,192.168.1.10,10.0.0.15,20,12345,2048,Cross Site Scripting,0,0
172.217.10.99-10.42.0.42-443-59743-6,UDP,ACK,SNMP,901234,678901,10.0.0.15,192.168.1.10,161,12345,768,DoS,1,1
172.217.11.3-10.42.0.211-443-54736-6,TCP,FIN,HTTPS,567890,890123,192.168.0.2,10.0.0.8,443,12345,4096,DoS,1,1
10.42.0.211-64.71.142.124-45647-80-6,UDP,ACK,DHCP,890123,567890,10.0.0.10,192.168.1.5,67,12345,256,Cross Site Scripting,0,0
10.42.0.211-10.42.0.1-7674-53-17,TCP,SYN,SMTP,234567,456789,192.168.0.5,10.0.0.10,25,12345,512,DoS,1,1
10.42.0.151-40.122.44.96-38120-443-6,UDP,ACK,SNMP,456789,234567,10.0.0.8,192.168.0.5,161,12345,256,Password Attacks,2,2
10.42.0.151-119.146.74.49-36548-443-6,TCP,SYN,FTP,789012,345678,10.0.0.2,192.168.1.10,21,12345,512,Cross Site Scripting,0,0
10.42.0.211-65.55.223.36-60774-40035-17,UDP,ACK,DNS,345678,789012,192.168.1.10,10.0.0.2,12345,53,256,DoS,1,1
10.42.0.151-52.84.40.212-55409-80-6,TCP,SYN,SSH,123456,987654,10.0.0.5,192.168.0.1,12345,22,1024,Cross Site Scripting,0,0
222.73.28.96-10.42.0.42-80-57280-6,UDP,ACK,NTP,987654,123456,192.168.0.1,10.0.0.5,12345,123,512,DoS,1,1
10.42.0.211-10.42.0.1-54321-53-17,TCP,RST,FTP,345678,789012,10.0.0.2,192.168.1.10,12345,20,2048,DoS,1,1
10.42.0.42-37.1.203.158-46108-443-6,UDP,ACK,SNMP,789012,345678,192.168.1.10,10.0.0.2,161,12345,768,Cross Site Scripting,0,0
10.42.0.211-10.42.0.1-39690-53-17,TCP,FIN,HTTPS,123456,987654,10.0.0.5,192.168.0.1,443,12345,4096,DoS,1,1
10.42.0.151-121.12.98.64-59123-80-6,UDP,ACK,DHCP,987654,123456,192.168.0.1,10.0.0.5,67,12345,256,Password Attacks,2,2
10.42.0.211-10.42.0.1-35045-53-17,TCP,SYN,SMTP,789012,345678,10.0.0.2,192.168.1.10,25,12345,512,Cross Site Scripting,0,0
162.208.22.39-10.42.0.211-443-57667-6,UDP,ACK,SNMP,345678,789012,10.0.0.2,192.168.1.10,161,12345,256,DoS,1,1
183.79.248.124-10.42.0.211-80-54360-6,TCP,SYN,FTP,567890,890123,192.168.1.5,10.0.0.10,21,12345,512,Cross Site Scripting,0,0
10.42.0.151-31.13.69.195-58712-443-6,UDP,ACK,DNS,901234,678901,10.0.0.15,192.168.0.2,12345,53,256,DoS,1,1
180.149.153.234-10.42.0.211-80-51687-6,TCP,SYN,SSH,234567,456789,192.168.0.5,10.0.0.10,22,12345,256,DoS,1,1
10.42.0.1-10.42.0.42-53-21992-17,UDP,ACK,NTP,456789,234567,10.0.0.8,192.168.0.5,123,12345,128,Cross Site Scripting,0,0
10.42.0.151-52.192.237.93-46375-443-6,TCP,RST,FTP,678901,901234,192.168.1.10,10.0.0.15,20,12345,2048,DoS,1,1
10.42.0.211-10.42.0.1-35661-53-17,TCP,SYN,HTTP,123456,987654,192.168.0.1,10.0.0.5,12345,80,1024,Cross Site Scripting,0,0
203.205.158.61-10.42.0.211-80-60047-6,UDP,ACK,DNS,987654,123456,10.0.0.2,192.168.0.1,53,12345,512,DoS,1,1
10.42.0.211-103.235.46.212-55773-443-6,TCP,SYN,SSH,789012,345678,192.168.1.10,10.0.0.8,22,12345,256,Password Attacks,2,2
220.243.235.201-10.42.0.42-80-45827-6,UDP,ACK,NTP,345678,789012,10.0.0.5,192.168.1.10,123,12345,128,Password Attacks,2,2
10.42.0.211-103.43.91.7-40734-443-6,TCP,RST,FTP,234567,456789,192.168.0.5,10.0.0.10,20,12345,2048,Cross Site Scripting,0,0
10.42.0.151-23.217.155.120-34021-80-6,UDP,ACK,SNMP,456789,234567,10.0.0.8,192.168.0.5,161,12345,768,DoS,1,1
10.42.0.151-10.42.0.1-8892-53-17,TCP,FIN,HTTPS,890123,567890,192.168.1.5,10.0.0.2,443,12345,4096,Cross Site Scripting,0,0
10.42.0.151-10.42.0.1-65106-53-17,UDP,ACK,DHCP,567890,890123,10.0.0.10,192.168.1.5,67,12345,256,DoS,1,1
10.42.0.42-66.198.178.124-42534-443-6,TCP,SYN,SMTP,901234,678901,192.168.0.2,10.0.0.15,25,12345,512,DoS,1,1
172.217.10.227-10.42.0.151-443-51779-6,UDP,ACK,SNMP,678901,901234,10.0.0.15,192.168.0.2,161,12345,256,Cross Site Scripting,0,0
10.42.0.211-107.178.251.134-58742-443-6,TCP,SYN,FTP,345678,789012,10.0.0.2,192.168.1.10,21,12345,512,DoS,1,1
172.217.12.129-10.42.0.211-443-45900-6,UDP,ACK,DNS,789012,345678,192.168.1.10,10.0.0.2,12345,53,256,Password Attacks,2,2
10.42.0.211-10.42.0.1-3839-53-17,TCP,SYN,SSH,123456,987654,10.0.0.5,192.168.0.1,12345,22,1024,Password Attacks,2,2
172.217.7.163-10.42.0.211-80-40608-6,UDP,ACK,NTP,987654,123456,192.168.0.1,10.0.0.5,12345,123,512,Cross Site Scripting,0,0
172.217.12.164-10.42.0.42-443-50725-6,TCP,RST,FTP,345678,789012,10.0.0.2,192.168.1.10,12345,20,2048,DoS,1,1
10.42.0.211-106.39.169.66-47725-443-6,UDP,ACK,SNMP,789012,345678,192.168.1.10,10.0.0.2,161,12345,768,Cross Site Scripting,0,0
172.217.12.174-10.42.0.151-80-44387-6,TCP,FIN,HTTPS,123456,987654,10.0.0.5,192.168.0.1,443,12345,4096,DoS,1,1
172.217.12.170-10.42.0.211-443-36530-6,UDP,ACK,DHCP,987654,123456,192.168.0.1,10.0.0.5,67,12345,256,DoS,1,1
10.42.0.211-10.42.0.1-44748-53-17,TCP,SYN,SMTP,789012,345678,10.0.0.2,192.168.1.10,25,12345,512,Cross Site Scripting,0,0
10.42.0.42-72.21.206.140-58000-443-6,UDP,ACK,SNMP,345678,789012,10.0.0.2,192.168.1.10,161,12345,256,DoS,1,1
172.217.6.238-10.42.0.211-443-49869-6,TCP,SYN,FTP,567890,890123,192.168.1.5,10.0.0.10,21,12345,512,Password Attacks,2,2
172.217.10.97-10.42.0.211-443-40400-6,UDP,ACK,DNS,901234,678901,10.0.0.15,192.168.0.2,12345,53,256,Password Attacks,2,2
172.217.12.142-10.42.0.151-443-52842-6,TCP,SYN,SSH,234567,456789,192.168.0.5,10.0.0.10,22,12345,256,Cross Site Scripting,0,0
219.142.78.162-10.42.0.211-80-54614-6,UDP,ACK,NTP,456789,234567,10.0.0.8,192.168.0.5,123,12345,128,DoS,1,1
172.217.10.226-10.42.0.211-443-48160-6,TCP,RST,FTP,678901,901234,192.168.1.10,10.0.0.15,20,12345,2048,Cross Site Scripting,0,0
172.217.1.174-10.42.0.42-443-53742-6,UDP,ACK,SNMP,901234,678901,10.0.0.15,192.168.1.10,161,12345,768,DoS,1,1
10.42.0.42-64.71.142.96-40438-443-6,TCP,FIN,HTTPS,567890,890123,192.168.0.2,10.0.0.8,443,12345,4096,DoS,1,1
10.42.0.211-23.34.19.143-60322-80-6,UDP,ACK,DHCP,890123,567890,10.0.0.10,192.168.1.5,67,12345,256,Cross Site Scripting,0,0
10.42.0.211-52.84.40.205-47599-443-6,TCP,SYN,SMTP,234567,456789,192.168.0.5,10.0.0.10,25,12345,512,DoS,1,1
10.42.0.1-10.42.0.42-53-12634-17,UDP,ACK,SNMP,456789,234567,10.0.0.8,192.168.0.5,161,12345,256,Password Attacks,2,2
10.42.0.151-10.42.0.1-60035-53-17,TCP,SYN,FTP,789012,345678,10.0.0.2,192.168.1.10,21,12345,512,Cross Site Scripting,0,0
10.42.0.151-103.7.30.118-43291-80-6,UDP,ACK,DNS,345678,789012,192.168.1.10,10.0.0.2,12345,53,256,DoS,1,1
10.42.0.211-123.125.29.138-33272-80-6,TCP,SYN,SSH,123456,987654,10.0.0.5,192.168.0.1,12345,22,1024,Cross Site Scripting,0,0
172.217.12.174-10.42.0.151-443-53670-6,UDP,ACK,NTP,987654,123456,192.168.0.1,10.0.0.5,12345,123,512,DoS,1,1
174.35.73.149-10.42.0.211-80-59832-6,TCP,RST,FTP,345678,789012,10.0.0.2,192.168.1.10,12345,20,2048,DoS,1,1
172.217.9.227-10.42.0.211-80-44426-6,UDP,ACK,SNMP,789012,345678,192.168.1.10,10.0.0.2,161,12345,768,Cross Site Scripting,0,0
10.42.0.151-10.42.0.1-9613-53-17,TCP,FIN,HTTPS,123456,987654,10.0.0.5,192.168.0.1,443,12345,4096,DoS,1,1
172.217.10.14-10.42.0.211-443-55191-6,UDP,ACK,DHCP,987654,123456,192.168.0.1,10.0.0.5,67,12345,256,Password Attacks,2,2
172.217.10.234-10.42.0.151-443-37435-6,TCP,SYN,SMTP,789012,345678,10.0.0.2,192.168.1.10,25,12345,512,Cross Site Scripting,0,0
10.42.0.211-23.206.166.66-46821-80-6,UDP,ACK,SNMP,345678,789012,10.0.0.2,192.168.1.10,161,12345,256,DoS,1,1
202.77.129.185-10.42.0.211-80-38171-6,TCP,SYN,FTP,567890,890123,192.168.1.5,10.0.0.10,21,12345,512,Cross Site Scripting,0,0
10.42.0.211-31.13.71.37-54070-443-6,UDP,ACK,DNS,901234,678901,10.0.0.15,192.168.0.2,12345,53,256,DoS,1,1
10.42.0.211-64.71.142.124-45519-443-6,TCP,SYN,SSH,234567,456789,192.168.0.5,10.0.0.10,22,12345,256,DoS,1,1
10.42.0.211-10.42.0.1-58220-53-17,UDP,ACK,NTP,456789,234567,10.0.0.8,192.168.0.5,123,12345,128,Cross Site Scripting,0,0
10.42.0.211-54.243.77.238-53618-443-6,TCP,RST,FTP,678901,901234,192.168.1.10,10.0.0.15,20,12345,2048,DoS,1,1
172.217.10.78-10.42.0.151-443-37815-6,UDP,ACK,SNMP,901234,678901,10.0.0.15,192.168.1.10,161,12345,768,Password Attacks,2,2
10.42.0.151-10.42.0.1-65000-53-17,TCP,FIN,HTTPS,567890,890123,192.168.0.2,10.0.0.8,443,12345,4096,Cross Site Scripting,0,0
10.42.0.211-54.192.38.7-58501-443-6,UDP,ACK,DHCP,890123,567890,10.0.0.10,192.168.1.5,67,12345,256,DoS,1,1
10.42.0.211-98.139.180.180-44276-443-6,TCP,SYN,SMTP,234567,456789,192.168.0.5,10.0.0.10,25,12345,512,Cross Site Scripting,0,0
205.204.101.196-10.42.0.211-443-56909-6,UDP,ACK,SNMP,456789,234567,10.0.0.8,192.168.0.5,161,12345,256,DoS,1,1
169.45.248.108-10.42.0.151-5222-55041-6,TCP,SYN,FTP,789012,345678,10.0.0.2,192.168.1.10,21,12345,512,DoS,1,1
10.42.0.211-31.13.80.5-41549-443-6,UDP,ACK,DNS,345678,789012,192.168.1.10,10.0.0.2,12345,53,256,Cross Site Scripting,0,0
10.42.0.151-10.42.0.1-33076-53-17,TCP,SYN,SSH,123456,987654,10.0.0.5,192.168.0.1,12345,22,1024,DoS,1,1
10.42.0.211-31.13.80.8-38223-443-6,UDP,ACK,NTP,987654,123456,192.168.0.1,10.0.0.5,12345,123,512,Password Attacks,2,2
222.73.28.96-10.42.0.151-80-55653-6,TCP,RST,FTP,345678,789012,10.0.0.2,192.168.1.10,12345,20,2048,Cross Site Scripting,0,0
10.42.0.151-50.17.250.36-40361-443-6,UDP,ACK,SNMP,789012,345678,192.168.1.10,10.0.0.2,161,12345,768,DoS,1,1
10.42.0.211-91.190.218.58-45154-12350-6,TCP,FIN,HTTPS,123456,987654,10.0.0.5,192.168.0.1,443,12345,4096,Cross Site Scripting,0,0
10.42.0.211-10.42.0.1-1790-53-17,UDP,ACK,DHCP,987654,123456,192.168.0.1,10.0.0.5,67,12345,256,DoS,1,1
10.42.0.151-10.42.0.1-52452-53-17,TCP,SYN,SMTP,789012,345678,10.0.0.2,192.168.1.10,25,12345,512,DoS,1,1
174.35.73.174-10.42.0.211-443-33613-6,UDP,ACK,SNMP,345678,789012,10.0.0.2,192.168.1.10,161,12345,256,Cross Site Scripting,0,0
182.22.25.124-10.42.0.211-443-54111-6,TCP,SYN,FTP,567890,890123,192.168.1.5,10.0.0.10,21,12345,512,DoS,1,1
10.42.0.151-121.29.54.163-36791-80-6,UDP,ACK,DNS,901234,678901,10.0.0.15,192.168.0.2,12345,53,256,Password Attacks,2,2
10.42.0.1-10.42.0.42-53-19781-17,TCP,SYN,SSH,234567,456789,192.168.0.5,10.0.0.10,22,12345,256,Cross Site Scripting,0,0
8.41.222.241-10.42.0.211-443-43985-6,UDP,ACK,NTP,456789,234567,10.0.0.8,192.168.0.5,123,12345,128,DoS,1,1
216.58.219.202-10.42.0.211-443-40946-6,TCP,RST,FTP,678901,901234,192.168.1.10,10.0.0.15,20,12345,2048,Cross Site Scripting,0,0
172.217.6.238-10.42.0.42-443-37997-6,UDP,ACK,SNMP,901234,678901,10.0.0.15,192.168.1.10,161,12345,768,DoS,1,1
10.42.0.151-31.13.80.52-52907-443-6,TCP,FIN,HTTPS,567890,890123,192.168.0.2,10.0.0.8,443,12345,4096,DoS,1,1
172.217.11.46-10.42.0.151-443-56059-6,UDP,ACK,DHCP,890123,567890,10.0.0.10,192.168.1.5,67,12345,256,Cross Site Scripting,0,0
10.42.0.211-10.42.0.1-19659-53-17,TCP,SYN,SMTP,234567,456789,192.168.0.5,10.0.0.10,25,12345,512,DoS,1,1
172.217.6.206-10.42.0.151-443-36632-6,UDP,ACK,SNMP,456789,234567,10.0.0.8,192.168.0.5,161,12345,256,Password Attacks,2,2
174.35.73.136-10.42.0.211-80-53789-6,TCP,SYN,FTP,789012,345678,10.0.0.2,192.168.1.10,21,12345,512,Cross Site Scripting,0,0
172.217.12.202-10.42.0.42-443-36830-6,UDP,ACK,DNS,345678,789012,192.168.1.10,10.0.0.2,12345,53,256,DoS,1,1
10.42.0.151-31.13.80.5-42285-443-6,TCP,SYN,SSH,123456,987654,10.0.0.5,192.168.0.1,12345,22,1024,Cross Site Scripting,0,0
180.149.136.194-10.42.0.42-443-49494-6,UDP,ACK,NTP,987654,123456,192.168.0.1,10.0.0.5,12345,123,512,DoS,1,1
10.42.0.211-31.13.65.52-51002-443-6,TCP,RST,FTP,345678,789012,10.0.0.2,192.168.1.10,12345,20,2048,DoS,1,1
10.42.0.42-85.93.5.83-41844-80-6,UDP,ACK,SNMP,789012,345678,192.168.1.10,10.0.0.2,161,12345,768,Cross Site Scripting,0,0
10.42.0.151-42.56.79.30-49956-80-6,TCP,FIN,HTTPS,123456,987654,10.0.0.5,192.168.0.1,443,12345,4096,DoS,1,1
10.42.0.211-115.239.210.141-41073-80-6,UDP,ACK,DHCP,987654,123456,192.168.0.1,10.0.0.5,67,12345,256,Password Attacks,2,2
172.217.10.142-10.42.0.151-443-40864-6,TCP,SYN,SMTP,789012,345678,10.0.0.2,192.168.1.10,25,12345,512,Cross Site Scripting,0,0
10.42.0.1-10.42.0.42-53-50423-17,UDP,ACK,SNMP,345678,789012,10.0.0.2,192.168.1.10,161,12345,256,DoS,1,1
172.217.12.129-10.42.0.211-443-39542-6,TCP,SYN,FTP,567890,890123,192.168.1.5,10.0.0.10,21,12345,512,Cross Site Scripting,0,0
172.217.6.200-10.42.0.211-443-41694-6,UDP,ACK,DNS,901234,678901,10.0.0.15,192.168.0.2,12345,53,256,DoS,1,1
10.42.0.42-123.125.29.138-33138-443-6,TCP,SYN,SSH,234567,456789,192.168.0.5,10.0.0.10,22,12345,256,DoS,1,1
151.101.1.140-10.42.0.211-443-44570-6,UDP,ACK,NTP,456789,234567,10.0.0.8,192.168.0.5,123,12345,128,Cross Site Scripting,0,0
192.229.163.180-10.42.0.151-443-42396-6,TCP,RST,FTP,678901,901234,192.168.1.10,10.0.0.15,20,12345,2048,DoS,1,1
172.217.10.110-10.42.0.42-80-42204-6,UDP,ACK,SNMP,901234,678901,10.0.0.15,192.168.1.10,161,12345,768,Password Attacks,2,2
10.42.0.211-23.194.141.191-34656-443-6,TCP,FIN,HTTPS,567890,890123,192.168.0.2,10.0.0.8,443,12345,4096,Cross Site Scripting,0,0
10.42.0.151-10.42.0.1-50280-53-17,UDP,ACK,DHCP,890123,567890,10.0.0.10,192.168.1.5,67,12345,256,DoS,1,1
216.58.217.132-10.42.0.42-443-50402-6,TCP,SYN,SMTP,234567,456789,192.168.0.5,10.0.0.10,25,12345,512,Cross Site Scripting,0,0
172.217.3.110-10.42.0.151-80-48610-6,UDP,ACK,SNMP,456789,234567,10.0.0.8,192.168.0.5,161,12345,256,DoS,1,1
10.42.0.211-104.88.88.137-35645-80-6,TCP,SYN,FTP,789012,345678,10.0.0.2,192.168.1.10,21,12345,512,DoS,1,1
183.79.250.123-10.42.0.211-443-46299-6,UDP,ACK,DNS,345678,789012,192.168.1.10,10.0.0.2,12345,53,256,Cross Site Scripting,0,0
203.90.242.126-10.42.0.211-443-47909-6,TCP,SYN,SSH,123456,987654,10.0.0.5,192.168.0.1,12345,22,1024,DoS,1,1
10.42.0.211-123.125.115.164-40314-443-6,UDP,ACK,NTP,987654,123456,192.168.0.1,10.0.0.5,12345,123,512,Password Attacks,2,2
10.42.0.211-23.194.140.226-60509-80-6,TCP,RST,FTP,345678,789012,10.0.0.2,192.168.1.10,12345,20,2048,Cross Site Scripting,0,0
10.42.0.42-119.146.74.33-40641-443-6,UDP,ACK,SNMP,789012,345678,192.168.1.10,10.0.0.2,161,12345,768,DoS,1,1
192.229.173.173-10.42.0.151-80-42996-6,TCP,FIN,HTTPS,123456,987654,10.0.0.5,192.168.0.1,443,12345,4096,Cross Site Scripting,0,0
10.42.0.211-104.254.66.16-47378-80-6,UDP,ACK,DHCP,987654,123456,192.168.0.1,10.0.0.5,67,12345,256,DoS,1,1
10.42.0.211-10.42.0.1-17828-53-17,TCP,SYN,SMTP,789012,345678,10.0.0.2,192.168.1.10,25,12345,512,DoS,1,1
172.217.6.238-10.42.0.151-443-46485-6,UDP,ACK,SNMP,345678,789012,10.0.0.2,192.168.1.10,161,12345,256,Cross Site Scripting,0,0
10.42.0.151-64.71.142.124-32928-80-6,TCP,SYN,FTP,567890,890123,192.168.1.5,10.0.0.10,21,12345,512,DoS,1,1
172.217.10.42-10.42.0.211-443-40037-6,UDP,ACK,DNS,901234,678901,10.0.0.15,192.168.0.2,12345,53,256,Password Attacks,2,2
172.217.7.195-10.42.0.211-443-55929-6,TCP,SYN,SSH,234567,456789,192.168.0.5,10.0.0.10,22,12345,256,Cross Site Scripting,0,0
10.42.0.211-98.139.180.180-47841-443-6,UDP,ACK,NTP,456789,234567,10.0.0.8,192.168.0.5,123,12345,128,DoS,1,1
162.208.22.39-10.42.0.151-443-46068-6,TCP,RST,FTP,678901,901234,192.168.1.10,10.0.0.15,20,12345,2048,Cross Site Scripting,0,0
202.77.129.185-10.42.0.42-80-49888-6,UDP,ACK,SNMP,901234,678901,10.0.0.15,192.168.1.10,161,12345,768,DoS,1,1
203.205.158.56-10.42.0.42-80-58908-6,TCP,FIN,HTTPS,567890,890123,192.168.0.2,10.0.0.8,443,12345,4096,DoS,1,1
172.217.12.202-10.42.0.151-443-58322-6,UDP,ACK,DHCP,890123,567890,10.0.0.10,192.168.1.5,67,12345,256,Cross Site Scripting,0,0
10.42.0.211-10.42.0.1-56873-53-17,TCP,SYN,SMTP,234567,456789,192.168.0.5,10.0.0.10,25,12345,512,DoS,1,1
10.42.0.211-52.9.59.64-37401-443-6,UDP,ACK,SNMP,456789,234567,10.0.0.8,192.168.0.5,161,12345,256,Password Attacks,2,2
172.217.6.234-10.42.0.151-443-38983-6,TCP,SYN,FTP,789012,345678,10.0.0.2,192.168.1.10,21,12345,512,Cross Site Scripting,0,0
10.42.0.211-23.66.246.24-45727-443-6,UDP,ACK,DNS,345678,789012,192.168.1.10,10.0.0.2,12345,53,256,DoS,1,1
10.42.0.151-31.13.80.52-49298-80-6,TCP,SYN,SSH,123456,987654,10.0.0.5,192.168.0.1,12345,22,1024,Cross Site Scripting,0,0
10.42.0.211-10.42.0.1-51478-53-17,UDP,ACK,NTP,987654,123456,192.168.0.1,10.0.0.5,12345,123,512,DoS,1,1
173.241.242.143-10.42.0.151-443-36232-6,TCP,RST,FTP,345678,789012,10.0.0.2,192.168.1.10,12345,20,2048,DoS,1,1
172.217.10.234-10.42.0.151-443-40986-6,UDP,ACK,SNMP,789012,345678,192.168.1.10,10.0.0.2,161,12345,768,Cross Site Scripting,0,0
10.42.0.42-13.107.3.128-47532-443-6,TCP,FIN,HTTPS,123456,987654,10.0.0.5,192.168.0.1,443,12345,4096,DoS,1,1
10.42.0.211-107.178.254.148-39934-443-6,UDP,ACK,DHCP,987654,123456,192.168.0.1,10.0.0.5,67,12345,256,Password Attacks,2,2
10.42.0.211-10.42.0.1-42476-53-17,TCP,SYN,SMTP,789012,345678,10.0.0.2,192.168.1.10,25,12345,512,Cross Site Scripting,0,0
172.217.9.227-10.42.0.211-443-53551-6,UDP,ACK,SNMP,345678,789012,10.0.0.2,192.168.1.10,161,12345,256,DoS,1,1
192.229.173.173-10.42.0.151-443-39423-6,TCP,SYN,FTP,567890,890123,192.168.1.5,10.0.0.10,21,12345,512,Cross Site Scripting,0,0
172.217.6.194-10.42.0.151-443-49097-6,UDP,ACK,DNS,901234,678901,10.0.0.15,192.168.0.2,12345,53,256,DoS,1,1
172.217.7.227-10.42.0.211-443-54431-6,TCP,SYN,SSH,234567,456789,192.168.0.5,10.0.0.10,22,12345,256,DoS,1,1
172.217.11.10-10.42.0.211-443-52547-6,UDP,ACK,NTP,456789,234567,10.0.0.8,192.168.0.5,123,12345,128,Cross Site Scripting,0,0
172.217.10.142-10.42.0.151-443-55470-6,TCP,RST,FTP,678901,901234,192.168.1.10,10.0.0.15,20,12345,2048,DoS,1,1
10.42.0.211-104.192.108.27-42084-80-6,TCP,SYN,HTTP,123456,987654,192.168.0.1,10.0.0.5,12345,80,1024,Cross Site Scripting,0,0
172.217.11.35-10.42.0.151-443-40893-17,UDP,ACK,DNS,987654,123456,10.0.0.2,192.168.0.1,53,12345,512,DoS,1,1
151.101.1.140-10.42.0.211-443-43642-6,TCP,SYN,SSH,789012,345678,192.168.1.10,10.0.0.8,22,12345,256,Password Attacks,2,2
10.42.0.211-106.11.129.143-52949-80-6,UDP,ACK,NTP,345678,789012,10.0.0.5,192.168.1.10,123,12345,128,Password Attacks,2,2
169.55.67.247-10.42.0.211-5222-60190-6,TCP,RST,FTP,234567,456789,192.168.0.5,10.0.0.10,20,12345,2048,Cross Site Scripting,0,0
172.217.11.1-10.42.0.42-443-52835-6,UDP,ACK,SNMP,456789,234567,10.0.0.8,192.168.0.5,161,12345,768,DoS,1,1
10.42.0.211-10.42.0.1-54833-53-17,TCP,FIN,HTTPS,890123,567890,192.168.1.5,10.0.0.2,443,12345,4096,Cross Site Scripting,0,0
10.42.0.42-103.235.46.211-39400-443-6,UDP,ACK,DHCP,567890,890123,10.0.0.10,192.168.1.5,67,12345,256,DoS,1,1
10.42.0.211-52.84.134.149-48831-443-6,TCP,SYN,SMTP,901234,678901,192.168.0.2,10.0.0.15,25,12345,512,DoS,1,1
10.42.0.211-10.42.0.1-2081-53-17,UDP,ACK,SNMP,678901,901234,10.0.0.15,192.168.0.2,161,12345,256,Cross Site Scripting,0,0
172.217.3.106-10.42.0.151-443-49999-6,TCP,SYN,FTP,345678,789012,10.0.0.2,192.168.1.10,21,12345,512,DoS,1,1
172.217.6.234-10.42.0.42-443-52796-6,UDP,ACK,DNS,789012,345678,192.168.1.10,10.0.0.2,12345,53,256,Password Attacks,2,2
172.217.10.1-10.42.0.211-443-45960-6,TCP,SYN,SSH,123456,987654,10.0.0.5,192.168.0.1,12345,22,1024,Password Attacks,2,2
172.217.9.234-10.42.0.42-443-60213-6,UDP,ACK,NTP,987654,123456,192.168.0.1,10.0.0.5,12345,123,512,Cross Site Scripting,0,0
208.80.154.224-10.42.0.151-443-60012-6,TCP,RST,FTP,345678,789012,10.0.0.2,192.168.1.10,12345,20,2048,DoS,1,1
10.42.0.211-58.215.168.151-33671-80-6,UDP,ACK,SNMP,789012,345678,192.168.1.10,10.0.0.2,161,12345,768,Cross Site Scripting,0,0
10.42.0.211-31.13.80.52-33147-443-6,TCP,FIN,HTTPS,123456,987654,10.0.0.5,192.168.0.1,443,12345,4096,DoS,1,1
10.42.0.151-63.250.200.41-37368-443-6,UDP,ACK,DHCP,987654,123456,192.168.0.1,10.0.0.5,67,12345,256,DoS,1,1
10.42.0.211-47.93.76.169-34910-443-6,TCP,SYN,SMTP,789012,345678,10.0.0.2,192.168.1.10,25,12345,512,Cross Site Scripting,0,0
10.42.0.211-54.192.36.192-42892-443-6,UDP,ACK,SNMP,345678,789012,10.0.0.2,192.168.1.10,161,12345,256,DoS,1,1
10.42.0.151-104.43.254.159-55816-443-6,TCP,SYN,FTP,567890,890123,192.168.1.5,10.0.0.10,21,12345,512,Password Attacks,2,2
172.217.11.14-10.42.0.151-443-55272-6,UDP,ACK,DNS,901234,678901,10.0.0.15,192.168.0.2,12345,53,256,Password Attacks,2,2
10.42.0.151-31.13.71.36-46305-443-6,TCP,SYN,SSH,234567,456789,192.168.0.5,10.0.0.10,22,12345,256,Cross Site Scripting,0,0
10.42.0.42-103.235.46.39-57680-80-6,UDP,ACK,NTP,456789,234567,10.0.0.8,192.168.0.5,123,12345,128,DoS,1,1
10.42.0.211-10.42.0.1-22034-53-17,TCP,RST,FTP,678901,901234,192.168.1.10,10.0.0.15,20,12345,2048,Cross Site Scripting,0,0
180.163.255.159-10.42.0.211-443-48127-6,UDP,ACK,SNMP,901234,678901,10.0.0.15,192.168.1.10,161,12345,768,DoS,1,1
10.42.0.42-104.192.110.245-35948-80-6,TCP,FIN,HTTPS,567890,890123,192.168.0.2,10.0.0.8,443,12345,4096,DoS,1,1
172.217.6.227-10.42.0.151-443-57100-6,UDP,ACK,DHCP,890123,567890,10.0.0.10,192.168.1.5,67,12345,256,Cross Site Scripting,0,0
151.101.21.140-10.42.0.211-443-60020-6,TCP,SYN,SMTP,234567,456789,192.168.0.5,10.0.0.10,25,12345,512,DoS,1,1
10.42.0.151-10.42.0.1-46556-53-17,UDP,ACK,SNMP,456789,234567,10.0.0.8,192.168.0.5,161,12345,256,Password Attacks,2,2
183.79.249.252-10.42.0.42-443-39947-6,TCP,SYN,FTP,789012,345678,10.0.0.2,192.168.1.10,21,12345,512,Cross Site Scripting,0,0
180.149.134.221-10.42.0.211-80-36135-6,UDP,ACK,DNS,345678,789012,192.168.1.10,10.0.0.2,12345,53,256,DoS,1,1
172.217.10.100-10.42.0.211-443-37291-6,TCP,SYN,SSH,123456,987654,10.0.0.5,192.168.0.1,12345,22,1024,Cross Site Scripting,0,0
205.185.216.42-10.42.0.151-80-47448-6,UDP,ACK,NTP,987654,123456,192.168.0.1,10.0.0.5,12345,123,512,DoS,1,1
172.217.10.46-10.42.0.42-443-57311-6,TCP,RST,FTP,345678,789012,10.0.0.2,192.168.1.10,12345,20,2048,DoS,1,1
180.149.153.234-10.42.0.211-80-59387-6,UDP,ACK,SNMP,789012,345678,192.168.1.10,10.0.0.2,161,12345,768,Cross Site Scripting,0,0
10.42.0.1-10.42.0.42-53-55601-17,TCP,FIN,HTTPS,123456,987654,10.0.0.5,192.168.0.1,443,12345,4096,DoS,1,1
10.42.0.151-10.42.0.1-8507-53-17,UDP,ACK,DHCP,987654,123456,192.168.0.1,10.0.0.5,67,12345,256,Password Attacks,2,2
180.149.134.221-10.42.0.42-80-41726-6,TCP,SYN,SMTP,789012,345678,10.0.0.2,192.168.1.10,25,12345,512,Cross Site Scripting,0,0
10.42.0.211-104.244.43.99-49016-443-6,UDP,ACK,SNMP,345678,789012,10.0.0.2,192.168.1.10,161,12345,256,DoS,1,1
10.42.0.211-104.254.66.16-50562-80-6,TCP,SYN,FTP,567890,890123,192.168.1.5,10.0.0.10,21,12345,512,Cross Site Scripting,0,0
10.42.0.211-10.42.0.1-45742-53-17,UDP,ACK,DNS,901234,678901,10.0.0.15,192.168.0.2,12345,53,256,DoS,1,1
10.42.0.211-108.179.252.22-60256-80-6,TCP,SYN,SSH,234567,456789,192.168.0.5,10.0.0.10,22,12345,256,DoS,1,1
202.77.129.161-10.42.0.151-80-40136-6,UDP,ACK,NTP,456789,234567,10.0.0.8,192.168.0.5,123,12345,128,Cross Site Scripting,0,0
10.42.0.211-101.69.121.110-52389-80-6,TCP,RST,FTP,678901,901234,192.168.1.10,10.0.0.15,20,12345,2048,DoS,1,1
10.42.0.211-52.84.29.134-44456-443-6,UDP,ACK,SNMP,901234,678901,10.0.0.15,192.168.1.10,161,12345,768,Password Attacks,2,2
10.42.0.42-31.13.67.11-33770-443-6,TCP,FIN,HTTPS,567890,890123,192.168.0.2,10.0.0.8,443,12345,4096,Cross Site Scripting,0,0
172.217.6.238-10.42.0.42-80-43816-6,UDP,ACK,DHCP,890123,567890,10.0.0.10,192.168.1.5,67,12345,256,DoS,1,1
10.42.0.211-10.42.0.1-58618-53-17,TCP,SYN,SMTP,234567,456789,192.168.0.5,10.0.0.10,25,12345,512,Cross Site Scripting,0,0
172.217.10.10-10.42.0.151-443-57281-6,UDP,ACK,SNMP,456789,234567,10.0.0.8,192.168.0.5,161,12345,256,DoS,1,1
10.42.0.211-23.15.4.11-38864-80-6,TCP,SYN,FTP,789012,345678,10.0.0.2,192.168.1.10,21,12345,512,DoS,1,1
174.35.73.108-10.42.0.42-80-50255-6,UDP,ACK,DNS,345678,789012,192.168.1.10,10.0.0.2,12345,53,256,Cross Site Scripting,0,0
180.149.134.142-10.42.0.42-80-44644-6,TCP,SYN,SSH,123456,987654,10.0.0.5,192.168.0.1,12345,22,1024,DoS,1,1
172.217.6.238-10.42.0.151-443-50094-6,UDP,ACK,NTP,987654,123456,192.168.0.1,10.0.0.5,12345,123,512,Password Attacks,2,2
10.42.0.42-36.110.210.167-60384-80-6,TCP,RST,FTP,345678,789012,10.0.0.2,192.168.1.10,12345,20,2048,Cross Site Scripting,0,0
217.69.133.148-10.42.0.211-443-34430-6,UDP,ACK,SNMP,789012,345678,192.168.1.10,10.0.0.2,161,12345,768,DoS,1,1
10.42.0.211-123.59.190.237-37836-80-6,TCP,FIN,HTTPS,123456,987654,10.0.0.5,192.168.0.1,443,12345,4096,Cross Site Scripting,0,0
172.217.10.33-10.42.0.211-443-51696-6,UDP,ACK,DHCP,987654,123456,192.168.0.1,10.0.0.5,67,12345,256,DoS,1,1
10.42.0.211-121.12.98.62-40996-80-6,TCP,SYN,SMTP,789012,345678,10.0.0.2,192.168.1.10,25,12345,512,DoS,1,1
140.205.230.8-10.42.0.211-80-39642-6,UDP,ACK,SNMP,345678,789012,10.0.0.2,192.168.1.10,161,12345,256,Cross Site Scripting,0,0
198.105.244.11-10.42.0.211-80-40464-6,TCP,SYN,FTP,567890,890123,192.168.1.5,10.0.0.10,21,12345,512,DoS,1,1
10.42.0.211-54.192.37.254-46100-443-6,UDP,ACK,DNS,901234,678901,10.0.0.15,192.168.0.2,12345,53,256,Password Attacks,2,2
10.42.0.211-121.14.255.83-36026-80-6,TCP,SYN,SSH,234567,456789,192.168.0.5,10.0.0.10,22,12345,256,Cross Site Scripting,0,0
198.105.244.11-10.42.0.151-80-37563-6,UDP,ACK,NTP,456789,234567,10.0.0.8,192.168.0.5,123,12345,128,DoS,1,1
180.149.136.194-10.42.0.211-80-60008-6,TCP,RST,FTP,678901,901234,192.168.1.10,10.0.0.15,20,12345,2048,Cross Site Scripting,0,0
10.42.0.211-10.42.0.1-10285-53-17,UDP,ACK,SNMP,901234,678901,10.0.0.15,192.168.1.10,161,12345,768,DoS,1,1
10.42.0.151-40.122.162.208-45889-443-6,TCP,FIN,HTTPS,567890,890123,192.168.0.2,10.0.0.8,443,12345,4096,DoS,1,1
10.42.0.42-119.146.74.34-52569-80-6,UDP,ACK,DHCP,890123,567890,10.0.0.10,192.168.1.5,67,12345,256,Cross Site Scripting,0,0
10.42.0.1-10.42.0.42-53-31903-17,TCP,SYN,SMTP,234567,456789,192.168.0.5,10.0.0.10,25,12345,512,DoS,1,1
172.217.3.110-10.42.0.151-443-37411-6,UDP,ACK,SNMP,456789,234567,10.0.0.8,192.168.0.5,161,12345,256,Password Attacks,2,2
10.42.0.151-10.42.0.1-36533-53-17,TCP,SYN,FTP,789012,345678,10.0.0.2,192.168.1.10,21,12345,512,Cross Site Scripting,0,0
10.42.0.211-106.39.169.66-33024-80-6,UDP,ACK,DNS,345678,789012,192.168.1.10,10.0.0.2,12345,53,256,DoS,1,1
10.42.0.211-64.71.142.95-53808-443-6,TCP,SYN,SSH,123456,987654,10.0.0.5,192.168.0.1,12345,22,1024,Cross Site Scripting,0,0
172.217.11.34-10.42.0.151-443-58961-6,UDP,ACK,NTP,987654,123456,192.168.0.1,10.0.0.5,12345,123,512,DoS,1,1
10.42.0.211-10.42.0.1-41069-53-17,TCP,RST,FTP,345678,789012,10.0.0.2,192.168.1.10,12345,20,2048,DoS,1,1
10.42.0.211-38.72.130.133-41059-443-6,UDP,ACK,SNMP,789012,345678,192.168.1.10,10.0.0.2,161,12345,768,Cross Site Scripting,0,0
203.205.158.62-10.42.0.211-80-33442-6,TCP,FIN,HTTPS,123456,987654,10.0.0.5,192.168.0.1,443,12345,4096,DoS,1,1
10.42.0.211-10.42.0.1-40820-53-17,UDP,ACK,DHCP,987654,123456,192.168.0.1,10.0.0.5,67,12345,256,Password Attacks,2,2
10.42.0.211-23.208.217.99-58223-443-6,TCP,SYN,SMTP,789012,345678,10.0.0.2,192.168.1.10,25,12345,512,Cross Site Scripting,0,0
192.229.173.173-10.42.0.211-80-50395-6,UDP,ACK,SNMP,345678,789012,10.0.0.2,192.168.1.10,161,12345,256,DoS,1,1
10.42.0.42-115.239.210.141-52880-443-6,TCP,SYN,FTP,567890,890123,192.168.1.5,10.0.0.10,21,12345,512,Cross Site Scripting,0,0
10.42.0.211-10.42.0.1-50790-53-17,UDP,ACK,DNS,901234,678901,10.0.0.15,192.168.0.2,12345,53,256,DoS,1,1
174.35.50.72-10.42.0.211-80-41071-6,TCP,SYN,SSH,234567,456789,192.168.0.5,10.0.0.10,22,12345,256,DoS,1,1
140.205.230.8-10.42.0.42-80-44619-6,UDP,ACK,NTP,456789,234567,10.0.0.8,192.168.0.5,123,12345,128,Cross Site Scripting,0,0
172.217.11.14-10.42.0.151-443-54332-6,TCP,RST,FTP,678901,901234,192.168.1.10,10.0.0.15,20,12345,2048,DoS,1,1
172.217.12.138-10.42.0.42-443-33260-6,UDP,ACK,SNMP,901234,678901,10.0.0.15,192.168.1.10,161,12345,768,Password Attacks,2,2
10.42.0.151-10.42.0.1-52754-53-17,TCP,FIN,HTTPS,567890,890123,192.168.0.2,10.0.0.8,443,12345,4096,Cross Site Scripting,0,0
224.0.0.251-10.42.0.1-5353-5353-17,UDP,ACK,DHCP,890123,567890,10.0.0.10,192.168.1.5,67,12345,256,DoS,1,1
172.217.11.10-10.42.0.151-443-36800-6,TCP,SYN,SMTP,234567,456789,192.168.0.5,10.0.0.10,25,12345,512,Cross Site Scripting,0,0
10.42.0.151-58.63.236.212-42260-443-6,UDP,ACK,SNMP,456789,234567,10.0.0.8,192.168.0.5,161,12345,256,DoS,1,1
202.77.129.150-10.42.0.151-80-58292-6,TCP,SYN,FTP,789012,345678,10.0.0.2,192.168.1.10,21,12345,512,DoS,1,1
10.42.0.151-72.30.2.182-38528-443-6,UDP,ACK,DNS,345678,789012,192.168.1.10,10.0.0.2,12345,53,256,Cross Site Scripting,0,0
172.217.6.234-10.42.0.151-443-55214-6,TCP,SYN,SSH,123456,987654,10.0.0.5,192.168.0.1,12345,22,1024,DoS,1,1
10.42.0.211-64.71.142.125-58548-443-6,UDP,ACK,NTP,987654,123456,192.168.0.1,10.0.0.5,12345,123,512,Password Attacks,2,2
183.79.250.251-10.42.0.151-443-35994-6,TCP,RST,FTP,345678,789012,10.0.0.2,192.168.1.10,12345,20,2048,Cross Site Scripting,0,0
151.101.21.140-10.42.0.211-443-57988-6,UDP,ACK,SNMP,789012,345678,192.168.1.10,10.0.0.2,161,12345,768,DoS,1,1
174.35.73.108-10.42.0.42-80-34824-6,TCP,FIN,HTTPS,123456,987654,10.0.0.5,192.168.0.1,443,12345,4096,Cross Site Scripting,0,0
172.217.10.74-10.42.0.211-443-44210-6,UDP,ACK,DHCP,987654,123456,192.168.0.1,10.0.0.5,67,12345,256,DoS,1,1
10.42.0.211-23.203.49.224-36526-443-6,TCP,SYN,SMTP,789012,345678,10.0.0.2,192.168.1.10,25,12345,512,DoS,1,1
10.42.0.211-108.174.10.10-58712-443-6,UDP,ACK,SNMP,345678,789012,10.0.0.2,192.168.1.10,161,12345,256,Cross Site Scripting,0,0
10.42.0.1-10.42.0.42-53-41012-17,TCP,SYN,FTP,567890,890123,192.168.1.5,10.0.0.10,21,12345,512,DoS,1,1
180.76.148.209-10.42.0.151-80-46996-6,UDP,ACK,DNS,901234,678901,10.0.0.15,192.168.0.2,12345,53,256,Password Attacks,2,2
172.217.10.142-10.42.0.151-443-45527-6,TCP,SYN,SSH,234567,456789,192.168.0.5,10.0.0.10,22,12345,256,Cross Site Scripting,0,0
10.42.0.151-103.235.46.39-54922-80-6,UDP,ACK,NTP,456789,234567,10.0.0.8,192.168.0.5,123,12345,128,DoS,1,1
182.22.25.252-10.42.0.211-443-38358-6,TCP,RST,FTP,678901,901234,192.168.1.10,10.0.0.15,20,12345,2048,Cross Site Scripting,0,0
8.0.6.4-8.6.0.1-0-0-0,UDP,ACK,SNMP,901234,678901,10.0.0.15,192.168.1.10,161,12345,768,DoS,1,1
172.217.7.131-10.42.0.211-443-59412-6,TCP,FIN,HTTPS,567890,890123,192.168.0.2,10.0.0.8,443,12345,4096,DoS,1,1
172.217.7.131-10.42.0.151-80-37914-6,UDP,ACK,DHCP,890123,567890,10.0.0.10,192.168.1.5,67,12345,256,Cross Site Scripting,0,0
180.76.161.1-10.42.0.151-80-42806-6,TCP,SYN,SMTP,234567,456789,192.168.0.5,10.0.0.10,25,12345,512,DoS,1,1
10.42.0.211-23.194.140.226-43315-80-6,UDP,ACK,SNMP,456789,234567,10.0.0.8,192.168.0.5,161,12345,256,Password Attacks,2,2
172.217.11.46-10.42.0.151-443-39145-6,TCP,SYN,FTP,789012,345678,10.0.0.2,192.168.1.10,21,12345,512,Cross Site Scripting,0,0
172.217.10.8-10.42.0.211-443-36520-6,UDP,ACK,DNS,345678,789012,192.168.1.10,10.0.0.2,12345,53,256,DoS,1,1
10.42.0.211-36.110.213.49-51345-80-6,TCP,SYN,SSH,123456,987654,10.0.0.5,192.168.0.1,12345,22,1024,Cross Site Scripting,0,0
175.100.207.231-10.42.0.42-80-58451-6,UDP,ACK,NTP,987654,123456,192.168.0.1,10.0.0.5,12345,123,512,DoS,1,1
202.77.129.150-10.42.0.211-80-56649-6,TCP,RST,FTP,345678,789012,10.0.0.2,192.168.1.10,12345,20,2048,DoS,1,1
10.42.0.211-103.7.30.118-34106-80-6,UDP,ACK,SNMP,789012,345678,192.168.1.10,10.0.0.2,161,12345,768,Cross Site Scripting,0,0
10.42.0.1-10.42.0.42-53-63597-17,TCP,FIN,HTTPS,123456,987654,10.0.0.5,192.168.0.1,443,12345,4096,DoS,1,1
172.217.3.109-10.42.0.151-443-38761-6,UDP,ACK,DHCP,987654,123456,192.168.0.1,10.0.0.5,67,12345,256,Password Attacks,2,2
10.42.0.211-104.192.110.245-33930-80-6,TCP,SYN,SMTP,789012,345678,10.0.0.2,192.168.1.10,25,12345,512,Cross Site Scripting,0,0
10.42.0.211-64.71.142.95-42882-443-6,UDP,ACK,SNMP,345678,789012,10.0.0.2,192.168.1.10,161,12345,256,DoS,1,1
10.42.0.151-123.125.115.190-60293-80-6,TCP,SYN,FTP,567890,890123,192.168.1.5,10.0.0.10,21,12345,512,Cross Site Scripting,0,0
172.217.3.110-10.42.0.42-443-51315-6,UDP,ACK,DNS,901234,678901,10.0.0.15,192.168.0.2,12345,53,256,DoS,1,1
10.42.0.211-111.1.17.152-41402-80-6,TCP,SYN,SSH,234567,456789,192.168.0.5,10.0.0.10,22,12345,256,DoS,1,1
10.42.0.42-82.247.127.5-46360-60959-17,UDP,ACK,NTP,456789,234567,10.0.0.8,192.168.0.5,123,12345,128,Cross Site Scripting,0,0
216.58.219.226-10.42.0.211-443-44824-6,TCP,RST,FTP,678901,901234,192.168.1.10,10.0.0.15,20,12345,2048,DoS,1,1
